target_asset_path,old_module_path,old_size,old_sha256,new_same_path_status,new_same_path_size,new_same_path_sha256,content_classification,legacy_group_representative_target,source_resolution,canonical_source_asset_path,source_candidate_count,source_candidates
assets/img/bg/1080/aegleseeker.jpg,img/bg/1080/aegleseeker.jpg,372932,e639103922c29b25905399f887318ef079d06c0ca95d8cf0f9cf73f84e39402d,different,424251,d79a4dbfd6c050965a0b9e5fe918efee60bc4ca5a7889e50ceffb4ac5522b2f2,exact_current_official_content,assets/img/bg/1080/aegleseeker.jpg,unique_official_source,assets/img/bg/1080/observer_conflict.jpg,1,assets/img/bg/1080/observer_conflict.jpg
assets/img/bg/1080/aegleseeker_clear.png,img/bg/1080/aegleseeker_clear.png,3057,8cbbde7dd4ca9d830f397fd03db957e16986f6671c00d03071225a930586f181,different,951080,16ac4c53c45e402d4ee9f7669c8259c9ca266e359048ef24687f861d85ec3888,fully_transparent_placeholder,assets/img/bg/1080/aegleseeker_clear.png,no_current_official_match,,0,
assets/img/bg/1080/aegleseeker_diamond.png,img/bg/1080/aegleseeker_diamond.png,70,c2153f77e11087fcb078ae38527fa83bef29791e3700e30cc87fec4405a66d0f,missing,,,fully_transparent_placeholder,assets/img/bg/1080/aegleseeker_diamond.png,no_current_official_match,,0,
assets/img/bg/1080/aegleseeker_grey.jpg,img/bg/1080/aegleseeker_grey.jpg,372932,e639103922c29b25905399f887318ef079d06c0ca95d8cf0f9cf73f84e39402d,different,205551,8f3b5b4d181ba16698767c3f0df9370a517b48e267f722f87093095c8608ce44,exact_current_official_content,assets/img/bg/1080/aegleseeker.jpg,unique_official_source,assets/img/bg/1080/observer_conflict.jpg,1,assets/img/bg/1080/observer_conflict.jpg
assets/img/bg/1080/aethercrest.jpg,img/bg/1080/aethercrest.jpg,372932,e639103922c29b25905399f887318ef079d06c0ca95d8cf0f9cf73f84e39402d,different,295243,8c5845d3e168107039ebb54f097b26d2250c2d20ac0168833a52329fe6c72540,exact_current_official_content,assets/img/bg/1080/aegleseeker.jpg,unique_official_source,assets/img/bg/1080/observer_conflict.jpg,1,assets/img/bg/1080/observer_conflict.jpg
assets/img/bg/1080/aethercrest_clear.png,img/bg/1080/aethercrest_clear.png,5238,1ab63e4a6d669914cc984c7336189d3d194eff5db809fa0968d29633c4b1010f,different,874577,c55fc7fb762ae8e1e70e9e92e9a363bcb7e86ac0a5cf9b45c442f94ab92c7c6b,fully_transparent_placeholder,assets/img/bg/1080/aethercrest_clear.png,no_current_official_match,,0,
assets/img/bg/1080/alexandrite.jpg,img/bg/1080/alexandrite.jpg,372932,e639103922c29b25905399f887318ef079d06c0ca95d8cf0f9cf73f84e39402d,different,587366,582101f0359470303e6c479cbb6324dc11c10fa7193036ce1db2c1641686363d,exact_current_official_content,assets/img/bg/1080/aegleseeker.jpg,unique_official_source,assets/img/bg/1080/observer_conflict.jpg,1,assets/img/bg/1080/observer_conflict.jpg
assets/img/bg/1080/alice_conflict.jpg,img/bg/1080/alice_conflict.jpg,372932,e639103922c29b25905399f887318ef079d06c0ca95d8cf0f9cf73f84e39402d,different,321528,16315f2d57aae5ed4d3dfef7d55f5b725678426f75ad39e0294c031de00c4b04,exact_current_official_content,assets/img/bg/1080/aegleseeker.jpg,unique_official_source,assets/img/bg/1080/observer_conflict.jpg,1,assets/img/bg/1080/observer_conflict.jpg
assets/img/bg/1080/alice_conflict_clear.png,img/bg/1080/alice_conflict_clear.png,3057,8cbbde7dd4ca9d830f397fd03db957e16986f6671c00d03071225a930586f181,different,1040222,bc4cd7ed68e2f72f3ccb43b3bc37e72b9eb11f6e12a5a862e0c10316654ade7f,fully_transparent_placeholder,assets/img/bg/1080/aegleseeker_clear.png,no_current_official_match,,0,
assets/img/bg/1080/alice_conflict_diamond.png,img/bg/1080/alice_conflict_diamond.png,3057,8cbbde7dd4ca9d830f397fd03db957e16986f6671c00d03071225a930586f181,missing,,,fully_transparent_placeholder,assets/img/bg/1080/aegleseeker_clear.png,no_current_official_match,,0,
assets/img/bg/1080/alice_light.jpg,img/bg/1080/alice_light.jpg,372932,e639103922c29b25905399f887318ef079d06c0ca95d8cf0f9cf73f84e39402d,different,394466,6397166af194493b275cbf102a8ed1a73d9d0fc88072b281f8244c9568bff71e,exact_current_official_content,assets/img/bg/1080/aegleseeker.jpg,unique_official_source,assets/img/bg/1080/observer_conflict.jpg,1,assets/img/bg/1080/observer_conflict.jpg
assets/img/bg/1080/alice_light_clear.png,img/bg/1080/alice_light_clear.png,3057,8cbbde7dd4ca9d830f397fd03db957e16986f6671c00d03071225a930586f181,different,825432,f113db19e2a689021078cc0d2f26534660b563e58b48d390905fd4ab4026c6c6,fully_transparent_placeholder,assets/img/bg/1080/aegleseeker_clear.png,no_current_official_match,,0,
assets/img/bg/1080/alice_light_diamond.png,img/bg/1080/alice_light_diamond.png,3057,8cbbde7dd4ca9d830f397fd03db957e16986f6671c00d03071225a930586f181,missing,,,fully_transparent_placeholder,assets/img/bg/1080/aegleseeker_clear.png,no_current_official_match,,0,
assets/img/bg/1080/alterego.jpg,img/bg/1080/alterego.jpg,372932,e639103922c29b25905399f887318ef079d06c0ca95d8cf0f9cf73f84e39402d,different,453065,a4ea05036dbf8ed42f440e3e0edaaf2aa5a2c5a8f13e966484ac6fdfe7a7e0a0,exact_current_official_content,assets/img/bg/1080/aegleseeker.jpg,unique_official_source,assets/img/bg/1080/observer_conflict.jpg,1,assets/img/bg/1080/observer_conflict.jpg
assets/img/bg/1080/alterego_clear.png,img/bg/1080/alterego_clear.png,5439,2676bdfc5082616e50b62b64e55c1b74c8d5c0d01013d7365110db30c6ab7068,different,1404132,f6e2f115ff5555b9926bbc899819bea8bbff46977f625b5dd643bc2b1be12bca,fully_transparent_placeholder,assets/img/bg/1080/alterego_clear.png,no_current_official_match,,0,
assets/img/bg/1080/altergate.jpg,img/bg/1080/altergate.jpg,372932,e639103922c29b25905399f887318ef079d06c0ca95d8cf0f9cf73f84e39402d,different,671287,1cfbee4fae3eab9c93dc2721b75523b4e25c90004664150da44e004298f60aac,exact_current_official_content,assets/img/bg/1080/aegleseeker.jpg,unique_official_source,assets/img/bg/1080/observer_conflict.jpg,1,assets/img/bg/1080/observer_conflict.jpg
assets/img/bg/1080/altergate_clear.png,img/bg/1080/altergate_clear.png,5416,33b82dc43eed923df9b5eebf3663a33fe18873bfe8ac43bf40d491994531bd13,different,2191821,b31b908405664b5ea1b4b62c266cb59315d92fa9e64619303b68924fb4fbbd27,fully_transparent_placeholder,assets/img/bg/1080/altergate_clear.png,no_current_official_match,,0,
assets/img/bg/1080/anima_clear.png,img/bg/1080/anima_clear.png,5386,6e56d0fc477adca126de2a7a8c3a76a3f1747a48b486c523eeaf6dc74cb96dd0,different,1905971,65e8f62a453b7357c184851fd83f11fb6e744544439059442322dc292b189d73,fully_transparent_placeholder,assets/img/bg/1080/anima_clear.png,no_current_official_match,,0,
assets/img/bg/1080/anima_conflict.jpg,img/bg/1080/anima_conflict.jpg,372932,e639103922c29b25905399f887318ef079d06c0ca95d8cf0f9cf73f84e39402d,different,795393,ef86ead5df6fe25bf43ca0acc8ba888fcb54887dfe468b7e5229800e60d64af7,exact_current_official_content,assets/img/bg/1080/aegleseeker.jpg,unique_official_source,assets/img/bg/1080/observer_conflict.jpg,1,assets/img/bg/1080/observer_conflict.jpg
assets/img/bg/1080/anima_light.jpg,img/bg/1080/anima_light.jpg,372932,e639103922c29b25905399f887318ef079d06c0ca95d8cf0f9cf73f84e39402d,different,806511,a73f763ae1dd00f85271ebe8d2550441298338ac1d26ab6ddaaed563c25b2a3a,exact_current_official_content,assets/img/bg/1080/aegleseeker.jpg,unique_official_source,assets/img/bg/1080/observer_conflict.jpg,1,assets/img/bg/1080/observer_conflict.jpg
assets/img/bg/1080/apophenia.jpg,img/bg/1080/apophenia.jpg,372932,e639103922c29b25905399f887318ef079d06c0ca95d8cf0f9cf73f84e39402d,different,280681,81e2d17925fdeb64ca00673b34a483064399781f09b7e13906e9d5a4f5827ec9,exact_current_official_content,assets/img/bg/1080/aegleseeker.jpg,unique_official_source,assets/img/bg/1080/observer_conflict.jpg,1,assets/img/bg/1080/observer_conflict.jpg
assets/img/bg/1080/apophenia_clear.png,img/bg/1080/apophenia_clear.png,4434,66cdd5925489af9b7c6ee9d5cf3d2c14a02d8998aa20df9aba586134f3229188,different,1893231,d87c1c8b9cd1f91f4c5b925109103c8736c52ffab7e2cd7b2dbc40064275dad5,fully_transparent_placeholder,assets/img/bg/1080/apophenia_clear.png,no_current_official_match,,0,
assets/img/bg/1080/arcahv.jpg,img/bg/1080/arcahv.jpg,372932,e639103922c29b25905399f887318ef079d06c0ca95d8cf0f9cf73f84e39402d,different,610786,aa6645e36fbee1c3e976bc77f312a23d5f298c92f6e5ecad56e06e681bef60fa,exact_current_official_content,assets/img/bg/1080/aegleseeker.jpg,unique_official_source,assets/img/bg/1080/observer_conflict.jpg,1,assets/img/bg/1080/observer_conflict.jpg
assets/img/bg/1080/arcahv_clear.png,img/bg/1080/arcahv_clear.png,3057,8cbbde7dd4ca9d830f397fd03db957e16986f6671c00d03071225a930586f181,different,865463,51622c8da3b9b20b7526bf759987cce0dc408db59465fdd47dc05c39219a7e73,fully_transparent_placeholder,assets/img/bg/1080/aegleseeker_clear.png,no_current_official_match,,0,
assets/img/bg/1080/arcahv_diamond.png,img/bg/1080/arcahv_diamond.png,3057,8cbbde7dd4ca9d830f397fd03db957e16986f6671c00d03071225a930586f181,missing,,,fully_transparent_placeholder,assets/img/bg/1080/aegleseeker_clear.png,no_current_official_match,,0,
assets/img/bg/1080/arcahv-debris.png,img/bg/1080/arcahv-debris.png,5604,075b8ff49f618215a8153145c707e14e60fd6d8a01357992940938029b53f46c,different,2698342,5bf0bfdd0a9cffe446770218c68e2a49b7ca33e190bf27addcb5828bf8451425,fully_transparent_placeholder,assets/img/bg/1080/arcahv-debris.png,no_current_official_match,,0,
assets/img/bg/1080/arcahv-srt.png,img/bg/1080/arcahv-srt.png,10811,a02c7824db67169b0782e4197aeaa58724444b1224b69c49e524a3375ac5d689,different,3318782,09da23cca01d32426dc41e28792aa2aa7bede45b17a0a8a452dd6074d2ec1bbc,fully_transparent_placeholder,assets/img/bg/1080/arcahv-srt.png,no_current_official_match,,0,
assets/img/bg/1080/arcanaeden.jpg,img/bg/1080/arcanaeden.jpg,372932,e639103922c29b25905399f887318ef079d06c0ca95d8cf0f9cf73f84e39402d,different,653046,d5962019aa4552cd66571cabe689b47b885cdaf8d2306ec86de7e68397583a6f,exact_current_official_content,assets/img/bg/1080/aegleseeker.jpg,unique_official_source,assets/img/bg/1080/observer_conflict.jpg,1,assets/img/bg/1080/observer_conflict.jpg
assets/img/bg/1080/arcanaeden_clear.png,img/bg/1080/arcanaeden_clear.png,3057,8cbbde7dd4ca9d830f397fd03db957e16986f6671c00d03071225a930586f181,different,1036768,d20f1df36dedf66b796b6aa62ed83aed26511a609ed43ca90e1c06e2a323f620,fully_transparent_placeholder,assets/img/bg/1080/aegleseeker_clear.png,no_current_official_match,,0,
assets/img/bg/1080/arcanaeden_diamond.png,img/bg/1080/arcanaeden_diamond.png,3057,8cbbde7dd4ca9d830f397fd03db957e16986f6671c00d03071225a930586f181,missing,,,fully_transparent_placeholder,assets/img/bg/1080/aegleseeker_clear.png,no_current_official_match,,0,
assets/img/bg/1080/arghena.jpg,img/bg/1080/arghena.jpg,372932,e639103922c29b25905399f887318ef079d06c0ca95d8cf0f9cf73f84e39402d,different,296629,11e1b4511326ac0634e6e27946fd941d8bab03ee8132b45e9fa0e876a35f4723,exact_current_official_content,assets/img/bg/1080/aegleseeker.jpg,unique_official_source,assets/img/bg/1080/observer_conflict.jpg,1,assets/img/bg/1080/observer_conflict.jpg
assets/img/bg/1080/arghena_clear.png,img/bg/1080/arghena_clear.png,5439,2676bdfc5082616e50b62b64e55c1b74c8d5c0d01013d7365110db30c6ab7068,different,1187561,803d1692a548c8a0e1664ec4e9137314649f7968275a49238f32430e46d19483,fully_transparent_placeholder,assets/img/bg/1080/alterego_clear.png,no_current_official_match,,0,
assets/img/bg/1080/aterlbus.jpg,img/bg/1080/aterlbus.jpg,372932,e639103922c29b25905399f887318ef079d06c0ca95d8cf0f9cf73f84e39402d,different,454348,39691e37b7a63cd1db66f7862545d7a28793b9771191f25d1e113618a4105c12,exact_current_official_content,assets/img/bg/1080/aegleseeker.jpg,unique_official_source,assets/img/bg/1080/observer_conflict.jpg,1,assets/img/bg/1080/observer_conflict.jpg
assets/img/bg/1080/auxesia.jpg,img/bg/1080/auxesia.jpg,372932,e639103922c29b25905399f887318ef079d06c0ca95d8cf0f9cf73f84e39402d,different,458653,b196f4d2dd269e573538c3bae1ffe76b816e2e6795dab9c05e629ffaabcdfb97,exact_current_official_content,assets/img/bg/1080/aegleseeker.jpg,unique_official_source,assets/img/bg/1080/observer_conflict.jpg,1,assets/img/bg/1080/observer_conflict.jpg
assets/img/bg/1080/axiumcrisis.jpg,img/bg/1080/axiumcrisis.jpg,372932,e639103922c29b25905399f887318ef079d06c0ca95d8cf0f9cf73f84e39402d,different,466930,c4b811d8c4f223a0b880f64033c203f45ec457c78a024c6839cb77deca03e2f7,exact_current_official_content,assets/img/bg/1080/aegleseeker.jpg,unique_official_source,assets/img/bg/1080/observer_conflict.jpg,1,assets/img/bg/1080/observer_conflict.jpg
assets/img/bg/1080/axiumcrisis_.png,img/bg/1080/axiumcrisis_.png,10870,260f09654f48f72df79c80b3ab88f20bbff77762eebfd30fa814b087da4ae4f6,different,1147982,0d9a88cc49845ff9dc0081347c07e6e9ca4ccd59f39f80886db094fdcd80130d,fully_transparent_placeholder,assets/img/bg/1080/axiumcrisis_.png,no_current_official_match,,0,
assets/img/bg/1080/azalea.jpg,img/bg/1080/azalea.jpg,372932,e639103922c29b25905399f887318ef079d06c0ca95d8cf0f9cf73f84e39402d,different,371978,89f53de80459e45d031cda8377af41ba63016c45447b6565a8ca23f02eed0c87,exact_current_official_content,assets/img/bg/1080/aegleseeker.jpg,unique_official_source,assets/img/bg/1080/observer_conflict.jpg,1,assets/img/bg/1080/observer_conflict.jpg
assets/img/bg/1080/base_conflict.jpg,img/bg/1080/base_conflict.jpg,372932,e639103922c29b25905399f887318ef079d06c0ca95d8cf0f9cf73f84e39402d,different,575753,bccf7392c02b499a33ebbee575b83b82a98a4f0c636984513b8b8cceb94fb079,exact_current_official_content,assets/img/bg/1080/aegleseeker.jpg,unique_official_source,assets/img/bg/1080/observer_conflict.jpg,1,assets/img/bg/1080/observer_conflict.jpg
assets/img/bg/1080/base_light.jpg,img/bg/1080/base_light.jpg,372932,e639103922c29b25905399f887318ef079d06c0ca95d8cf0f9cf73f84e39402d,different,286852,6018a1831f5deb9480fce65b185dbbfe17cc5d6b9cc633e003fbfb97bd32852c,exact_current_official_content,assets/img/bg/1080/aegleseeker.jpg,unique_official_source,assets/img/bg/1080/observer_conflict.jpg,1,assets/img/bg/1080/observer_conflict.jpg
assets/img/bg/1080/byd_2_conflict.jpg,img/bg/1080/byd_2_conflict.jpg,372932,e639103922c29b25905399f887318ef079d06c0ca95d8cf0f9cf73f84e39402d,different,496678,e69b76c8435f606e402f6e8f33b0f30043873864da45a08dd9c41c5fb83fbadb,exact_current_official_content,assets/img/bg/1080/aegleseeker.jpg,unique_official_source,assets/img/bg/1080/observer_conflict.jpg,1,assets/img/bg/1080/observer_conflict.jpg
assets/img/bg/1080/byd_2_conflict_clear.png,img/bg/1080/byd_2_conflict_clear.png,5439,2676bdfc5082616e50b62b64e55c1b74c8d5c0d01013d7365110db30c6ab7068,different,2678506,36ec6dfe3c19954262e77a31a2c3908b92683ee010ad9875f2ce0f3b281d1a02,fully_transparent_placeholder,assets/img/bg/1080/alterego_clear.png,no_current_official_match,,0,
assets/img/bg/1080/byd_2_conflict-clear.png,img/bg/1080/byd_2_conflict-clear.png,5439,2676bdfc5082616e50b62b64e55c1b74c8d5c0d01013d7365110db30c6ab7068,missing,,,fully_transparent_placeholder,assets/img/bg/1080/alterego_clear.png,no_current_official_match,,0,
assets/img/bg/1080/byd_2_light.jpg,img/bg/1080/byd_2_light.jpg,372932,e639103922c29b25905399f887318ef079d06c0ca95d8cf0f9cf73f84e39402d,different,743656,9e5b0a413003c7b1e27b679550d24d313e18b30f7e79dce73b85653097c02eec,exact_current_official_content,assets/img/bg/1080/aegleseeker.jpg,unique_official_source,assets/img/bg/1080/observer_conflict.jpg,1,assets/img/bg/1080/observer_conflict.jpg
assets/img/bg/1080/byd_2_light_clear.png,img/bg/1080/byd_2_light_clear.png,5439,2676bdfc5082616e50b62b64e55c1b74c8d5c0d01013d7365110db30c6ab7068,different,2785456,4c3306d946a5a95be57fc4e3084fb59e39ac645d19fd66e65652be67fe6a7446,fully_transparent_placeholder,assets/img/bg/1080/alterego_clear.png,no_current_official_match,,0,
assets/img/bg/1080/byd_2_light-clear.png,img/bg/1080/byd_2_light-clear.png,70,c2153f77e11087fcb078ae38527fa83bef29791e3700e30cc87fec4405a66d0f,missing,,,fully_transparent_placeholder,assets/img/bg/1080/aegleseeker_diamond.png,no_current_official_match,,0,
assets/img/bg/1080/byd_conflict.jpg,img/bg/1080/byd_conflict.jpg,372932,e639103922c29b25905399f887318ef079d06c0ca95d8cf0f9cf73f84e39402d,different,864039,6b163e416bc5a84057389c326252f8f2e139441ced2a8618c9203a69ad818c5a,exact_current_official_content,assets/img/bg/1080/aegleseeker.jpg,unique_official_source,assets/img/bg/1080/observer_conflict.jpg,1,assets/img/bg/1080/observer_conflict.jpg
assets/img/bg/1080/byd_conflict_clear.png,img/bg/1080/byd_conflict_clear.png,3057,8cbbde7dd4ca9d830f397fd03db957e16986f6671c00d03071225a930586f181,different,774472,86705c33695fd3109c79a17def7fccefdcc5a540dc3561f07691be1454090671,fully_transparent_placeholder,assets/img/bg/1080/aegleseeker_clear.png,no_current_official_match,,0,
assets/img/bg/1080/byd_diamond_conflict.png,img/bg/1080/byd_diamond_conflict.png,5439,2676bdfc5082616e50b62b64e55c1b74c8d5c0d01013d7365110db30c6ab7068,missing,,,fully_transparent_placeholder,assets/img/bg/1080/alterego_clear.png,no_current_official_match,,0,
assets/img/bg/1080/byd_diamond_light.png,img/bg/1080/byd_diamond_light.png,5439,2676bdfc5082616e50b62b64e55c1b74c8d5c0d01013d7365110db30c6ab7068,missing,,,fully_transparent_placeholder,assets/img/bg/1080/alterego_clear.png,no_current_official_match,,0,
assets/img/bg/1080/byd_light.jpg,img/bg/1080/byd_light.jpg,372932,e639103922c29b25905399f887318ef079d06c0ca95d8cf0f9cf73f84e39402d,different,706293,70d47ca7092d867b6aaae0ac667b4ec94e7ce5627dc5a43a58685e39e228d192,exact_current_official_content,assets/img/bg/1080/aegleseeker.jpg,unique_official_source,assets/img/bg/1080/observer_conflict.jpg,1,assets/img/bg/1080/observer_conflict.jpg
assets/img/bg/1080/byd_light_clear.png,img/bg/1080/byd_light_clear.png,3057,8cbbde7dd4ca9d830f397fd03db957e16986f6671c00d03071225a930586f181,different,452162,cb705cc1ed66557de11ea3adb3ab81f31c2143870047a92821e4c35d1174d9f2,fully_transparent_placeholder,assets/img/bg/1080/aegleseeker_clear.png,no_current_official_match,,0,
assets/img/bg/1080/chuni-garakuta.jpg,img/bg/1080/chuni-garakuta.jpg,372932,e639103922c29b25905399f887318ef079d06c0ca95d8cf0f9cf73f84e39402d,different,822310,907008027b93939daaada52220be7162d03e68352ebede82c7e6192b24943724,exact_current_official_content,assets/img/bg/1080/aegleseeker.jpg,unique_official_source,assets/img/bg/1080/observer_conflict.jpg,1,assets/img/bg/1080/observer_conflict.jpg
assets/img/bg/1080/chuni-garakuta_clear.png,img/bg/1080/chuni-garakuta_clear.png,2416,02e2d6dd551ce5d40d96b826b8cfb164bad9b47141c0874392d3c155e2362d8e,different,24934,7cecdc96653ecd386e4a4dd6ad012d94c1f7759f2e4e3095fd64c0de7b5611a2,fully_transparent_placeholder,assets/img/bg/1080/chuni-garakuta_clear.png,no_current_official_match,,0,
assets/img/bg/1080/chuni-ikazuchi.jpg,img/bg/1080/chuni-ikazuchi.jpg,372932,e639103922c29b25905399f887318ef079d06c0ca95d8cf0f9cf73f84e39402d,different,607715,886c5930f1bf66e343ecf6c9026497c473ecf140b4531cfa694e007b7d52e16f,exact_current_official_content,assets/img/bg/1080/aegleseeker.jpg,unique_official_source,assets/img/bg/1080/observer_conflict.jpg,1,assets/img/bg/1080/observer_conflict.jpg
assets/img/bg/1080/chuni-ikazuchi_clear.png,img/bg/1080/chuni-ikazuchi_clear.png,2237,bc0f8bbf088ea59b1edb62853d041c61d9341c8447c03f5d2633d92aa8f33d5e,different,200576,6b8fcb98ae973e158ae9a1f256f1a27732de16d360888be76dc87d61314062d8,fully_transparent_placeholder,assets/img/bg/1080/chuni-ikazuchi_clear.png,no_current_official_match,,0,
assets/img/bg/1080/chunithmnew_conflict.jpg,img/bg/1080/chunithmnew_conflict.jpg,372932,e639103922c29b25905399f887318ef079d06c0ca95d8cf0f9cf73f84e39402d,different,316492,200c408d1fb762c557d57f7d532a8662e3ab7e4483f9aef410a091ece0c3b3e2,exact_current_official_content,assets/img/bg/1080/aegleseeker.jpg,unique_official_source,assets/img/bg/1080/observer_conflict.jpg,1,assets/img/bg/1080/observer_conflict.jpg
assets/img/bg/1080/chunithmnew_conflict_clear.png,img/bg/1080/chunithmnew_conflict_clear.png,5439,2676bdfc5082616e50b62b64e55c1b74c8d5c0d01013d7365110db30c6ab7068,different,120392,3e5fba9d24a524b9aecff2ddec5d42d496dd4f5fe64f898f885b47430c95da0b,fully_transparent_placeholder,assets/img/bg/1080/alterego_clear.png,no_current_official_match,,0,
assets/img/bg/1080/chunithmnew_light.jpg,img/bg/1080/chunithmnew_light.jpg,372932,e639103922c29b25905399f887318ef079d06c0ca95d8cf0f9cf73f84e39402d,different,524177,a931d536dbbbc0315efcb29c7df36e36e5ebe1da1b510afb4caca6e5e0038a7a,exact_current_official_content,assets/img/bg/1080/aegleseeker.jpg,unique_official_source,assets/img/bg/1080/observer_conflict.jpg,1,assets/img/bg/1080/observer_conflict.jpg
assets/img/bg/1080/chunithmnew_light_clear.png,img/bg/1080/chunithmnew_light_clear.png,5439,2676bdfc5082616e50b62b64e55c1b74c8d5c0d01013d7365110db30c6ab7068,different,71635,e8ee50f732d280034d8bc46773d68330900c831f51dc9a95c1e5ae369959f959,fully_transparent_placeholder,assets/img/bg/1080/alterego_clear.png,no_current_official_match,,0,
assets/img/bg/1080/chunithmthird_conflict.jpg,img/bg/1080/chunithmthird_conflict.jpg,372932,e639103922c29b25905399f887318ef079d06c0ca95d8cf0f9cf73f84e39402d,different,389853,7dc30f6fa664d0a1d9cca0a06bba3ef668e9b66eb6d3376ae3953e92b97bfaa1,exact_current_official_content,assets/img/bg/1080/aegleseeker.jpg,unique_official_source,assets/img/bg/1080/observer_conflict.jpg,1,assets/img/bg/1080/observer_conflict.jpg
assets/img/bg/1080/chunithmthird_conflict_clear.png,img/bg/1080/chunithmthird_conflict_clear.png,5439,2676bdfc5082616e50b62b64e55c1b74c8d5c0d01013d7365110db30c6ab7068,different,1349980,5a0c1a7a3624832358d14e490ef4705624563babd7d8b80de5ee990465622cd6,fully_transparent_placeholder,assets/img/bg/1080/alterego_clear.png,no_current_official_match,,0,
assets/img/bg/1080/chunithmthird_conflict_diamond.png,img/bg/1080/chunithmthird_conflict_diamond.png,5439,2676bdfc5082616e50b62b64e55c1b74c8d5c0d01013d7365110db30c6ab7068,missing,,,fully_transparent_placeholder,assets/img/bg/1080/alterego_clear.png,no_current_official_match,,0,
assets/img/bg/1080/chuni-worldvanquisher.jpg,img/bg/1080/chuni-worldvanquisher.jpg,372932,e639103922c29b25905399f887318ef079d06c0ca95d8cf0f9cf73f84e39402d,different,382994,18e07e12254011db2a7fce8f6508e38c203fe00771c7a854e043127c85b95335,exact_current_official_content,assets/img/bg/1080/aegleseeker.jpg,unique_official_source,assets/img/bg/1080/observer_conflict.jpg,1,assets/img/bg/1080/observer_conflict.jpg
assets/img/bg/1080/chuni-worldvanquisher_clear.png,img/bg/1080/chuni-worldvanquisher_clear.png,3701,d50900bddba41d4304b1f739671ca6c8585f8c3808720551ced27e0f67ff7dca,different,189433,5eeea9353b51b27effc257438065c8f62a3e76490cd2e4124eb3709c28b86462,fully_transparent_placeholder,assets/img/bg/1080/chuni-worldvanquisher_clear.png,no_current_official_match,,0,
assets/img/bg/1080/codeoblivion.jpg,img/bg/1080/codeoblivion.jpg,372932,e639103922c29b25905399f887318ef079d06c0ca95d8cf0f9cf73f84e39402d,different,492327,82147fcd6e6d598857fec7a2d482a2909e981c6ebcd0b567320a2baebe9e5115,exact_current_official_content,assets/img/bg/1080/aegleseeker.jpg,unique_official_source,assets/img/bg/1080/observer_conflict.jpg,1,assets/img/bg/1080/observer_conflict.jpg
assets/img/bg/1080/cyaegha.jpg,img/bg/1080/cyaegha.jpg,372932,e639103922c29b25905399f887318ef079d06c0ca95d8cf0f9cf73f84e39402d,different,539205,9440571fbeafa9253a9523e5a961cc1c5888b34f2b800e5bb56d2ef7aeaadb57,exact_current_official_content,assets/img/bg/1080/aegleseeker.jpg,unique_official_source,assets/img/bg/1080/observer_conflict.jpg,1,assets/img/bg/1080/observer_conflict.jpg
assets/img/bg/1080/cytus_boss.jpg,img/bg/1080/cytus_boss.jpg,372932,e639103922c29b25905399f887318ef079d06c0ca95d8cf0f9cf73f84e39402d,different,381159,5e5bc83d85f340a02771c878018c297aa8268260a4a059d4e1d8d44f55cdad3c,exact_current_official_content,assets/img/bg/1080/aegleseeker.jpg,unique_official_source,assets/img/bg/1080/observer_conflict.jpg,1,assets/img/bg/1080/observer_conflict.jpg
assets/img/bg/1080/cytus_boss_clear.png,img/bg/1080/cytus_boss_clear.png,5416,33b82dc43eed923df9b5eebf3663a33fe18873bfe8ac43bf40d491994531bd13,different,1425485,5252188cfd1343bcc31fd29eb3ef5f2f7f171fcf5320ed3221546cb2f92c36f1,fully_transparent_placeholder,assets/img/bg/1080/altergate_clear.png,no_current_official_match,,0,
assets/img/bg/1080/cytus_conflict.jpg,img/bg/1080/cytus_conflict.jpg,372932,e639103922c29b25905399f887318ef079d06c0ca95d8cf0f9cf73f84e39402d,different,272770,c6e7936d4b0bc0010b88c015e7bfd1a0c2474e6fb2e5b87041f496dffd63f200,exact_current_official_content,assets/img/bg/1080/aegleseeker.jpg,unique_official_source,assets/img/bg/1080/observer_conflict.jpg,1,assets/img/bg/1080/observer_conflict.jpg
assets/img/bg/1080/cytus_conflict_clear.png,img/bg/1080/cytus_conflict_clear.png,5432,1c3641cdffc204039b4b27f7ca132f18b328396157ef7bb990047f73139aec38,different,1389373,c9cfb762725ffacc878f56fba54890d6f7f30d6863819b761e0ef26e369897cc,fully_transparent_placeholder,assets/img/bg/1080/cytus_conflict_clear.png,no_current_official_match,,0,
assets/img/bg/1080/cytus_light.jpg,img/bg/1080/cytus_light.jpg,372932,e639103922c29b25905399f887318ef079d06c0ca95d8cf0f9cf73f84e39402d,different,234614,0bbd655d4a13905b6b3bc57bd7694ababdbbf2e033a8dd97d4f6a4b5a03a0c26,exact_current_official_content,assets/img/bg/1080/aegleseeker.jpg,unique_official_source,assets/img/bg/1080/observer_conflict.jpg,1,assets/img/bg/1080/observer_conflict.jpg
assets/img/bg/1080/cytus_light_clear.png,img/bg/1080/cytus_light_clear.png,5432,1c3641cdffc204039b4b27f7ca132f18b328396157ef7bb990047f73139aec38,different,1343242,31063c98c3595e8f0cc956346776e35a76b4a7b2d8caba06b35a4680e0417ee3,fully_transparent_placeholder,assets/img/bg/1080/cytus_conflict_clear.png,no_current_official_match,,0,
assets/img/bg/1080/designant.jpg,img/bg/1080/designant.jpg,372932,e639103922c29b25905399f887318ef079d06c0ca95d8cf0f9cf73f84e39402d,different,530606,855fa4b04af96c073e62ec489b911083948fdecd0ba38cc1c1241ff32d51d335,exact_current_official_content,assets/img/bg/1080/aegleseeker.jpg,unique_official_source,assets/img/bg/1080/observer_conflict.jpg,1,assets/img/bg/1080/observer_conflict.jpg
assets/img/bg/1080/designant_clear.png,img/bg/1080/designant_clear.png,70,c2153f77e11087fcb078ae38527fa83bef29791e3700e30cc87fec4405a66d0f,different,1734215,bdbc0356e8a00126efd30ee7ebbd986c69421805e3c1136f80c289180ac6156f,fully_transparent_placeholder,assets/img/bg/1080/aegleseeker_diamond.png,no_current_official_match,,0,
assets/img/bg/1080/diamond_finale_conflict.png,img/bg/1080/diamond_finale_conflict.png,3057,8cbbde7dd4ca9d830f397fd03db957e16986f6671c00d03071225a930586f181,missing,,,fully_transparent_placeholder,assets/img/bg/1080/aegleseeker_clear.png,no_current_official_match,,0,
assets/img/bg/1080/diamond_finale_light.png,img/bg/1080/diamond_finale_light.png,3057,8cbbde7dd4ca9d830f397fd03db957e16986f6671c00d03071225a930586f181,missing,,,fully_transparent_placeholder,assets/img/bg/1080/aegleseeker_clear.png,no_current_official_match,,0,
assets/img/bg/1080/diamond_garakuta.png,img/bg/1080/diamond_garakuta.png,2416,02e2d6dd551ce5d40d96b826b8cfb164bad9b47141c0874392d3c155e2362d8e,missing,,,fully_transparent_placeholder,assets/img/bg/1080/chuni-garakuta_clear.png,no_current_official_match,,0,
assets/img/bg/1080/diamond_ikazuchi.png,img/bg/1080/diamond_ikazuchi.png,2237,bc0f8bbf088ea59b1edb62853d041c61d9341c8447c03f5d2633d92aa8f33d5e,missing,,,fully_transparent_placeholder,assets/img/bg/1080/chuni-ikazuchi_clear.png,no_current_official_match,,0,
assets/img/bg/1080/diamond_musedash_conflict.png,img/bg/1080/diamond_musedash_conflict.png,5439,2676bdfc5082616e50b62b64e55c1b74c8d5c0d01013d7365110db30c6ab7068,missing,,,fully_transparent_placeholder,assets/img/bg/1080/alterego_clear.png,no_current_official_match,,0,
assets/img/bg/1080/diamond_musedash_light.png,img/bg/1080/diamond_musedash_light.png,5439,2676bdfc5082616e50b62b64e55c1b74c8d5c0d01013d7365110db30c6ab7068,missing,,,fully_transparent_placeholder,assets/img/bg/1080/alterego_clear.png,no_current_official_match,,0,
assets/img/bg/1080/diamond_nijuusei2_conflict.png,img/bg/1080/diamond_nijuusei2_conflict.png,2506,a6d03c118b0431ae8618cd2e92264a75291a73f6869673af6250478bd8e0127c,missing,,,fully_transparent_placeholder,assets/img/bg/1080/diamond_nijuusei2_conflict.png,no_current_official_match,,0,
assets/img/bg/1080/diamond_nijuusei2_light.png,img/bg/1080/diamond_nijuusei2_light.png,2506,a6d03c118b0431ae8618cd2e92264a75291a73f6869673af6250478bd8e0127c,missing,,,fully_transparent_placeholder,assets/img/bg/1080/diamond_nijuusei2_conflict.png,no_current_official_match,,0,
assets/img/bg/1080/diamond_pragmatism3.png,img/bg/1080/diamond_pragmatism3.png,2611,87d1931f56dabcddbf82d7b762ff41ba07895e25d6d7d96734816e1ab91bdb79,missing,,,fully_transparent_placeholder,assets/img/bg/1080/diamond_pragmatism3.png,no_current_official_match,,0,
assets/img/bg/1080/diamond_ringedgenesis.png,img/bg/1080/diamond_ringedgenesis.png,3896,cbaf7787ec7df7ea0787eb2a015a75e3c92459f1e87162f0c246b2b8cde4c703,missing,,,fully_transparent_placeholder,assets/img/bg/1080/diamond_ringedgenesis.png,no_current_official_match,,0,
assets/img/bg/1080/diamond_ts_light.png,img/bg/1080/diamond_ts_light.png,2611,87d1931f56dabcddbf82d7b762ff41ba07895e25d6d7d96734816e1ab91bdb79,different,119512,a0d381ae22baf2fa3b1c77c8927e1a7434dae41541df21a73c6b9133342ef6fa,fully_transparent_placeholder,assets/img/bg/1080/diamond_pragmatism3.png,no_current_official_match,,0,
assets/img/bg/1080/diamond_vs_conflict.png,img/bg/1080/diamond_vs_conflict.png,5416,33b82dc43eed923df9b5eebf3663a33fe18873bfe8ac43bf40d491994531bd13,missing,,,fully_transparent_placeholder,assets/img/bg/1080/altergate_clear.png,no_current_official_match,,0,
assets/img/bg/1080/diamond_vs_light.png,img/bg/1080/diamond_vs_light.png,5416,33b82dc43eed923df9b5eebf3663a33fe18873bfe8ac43bf40d491994531bd13,missing,,,fully_transparent_placeholder,assets/img/bg/1080/altergate_clear.png,no_current_official_match,,0,
assets/img/bg/1080/diamond_worldvanquisher.png,img/bg/1080/diamond_worldvanquisher.png,3701,d50900bddba41d4304b1f739671ca6c8585f8c3808720551ced27e0f67ff7dca,missing,,,fully_transparent_placeholder,assets/img/bg/1080/chuni-worldvanquisher_clear.png,no_current_official_match,,0,
assets/img/bg/1080/djmax_clear.png,img/bg/1080/djmax_clear.png,5439,2676bdfc5082616e50b62b64e55c1b74c8d5c0d01013d7365110db30c6ab7068,different,1369459,c6e636c4d285d6f9dcdefa4f08893a2bb39faf7bf37437a249ea4b88fd5d84e8,fully_transparent_placeholder,assets/img/bg/1080/alterego_clear.png,no_current_official_match,,0,
assets/img/bg/1080/djmax_conflict.jpg,img/bg/1080/djmax_conflict.jpg,372932,e639103922c29b25905399f887318ef079d06c0ca95d8cf0f9cf73f84e39402d,different,367472,4d5afe47f41292aba15d82fce1f35ca4ecf1e029ca231bdfc0fe0d4265396365,exact_current_official_content,assets/img/bg/1080/aegleseeker.jpg,unique_official_source,assets/img/bg/1080/observer_conflict.jpg,1,assets/img/bg/1080/observer_conflict.jpg
assets/img/bg/1080/djmax_light.jpg,img/bg/1080/djmax_light.jpg,372932,e639103922c29b25905399f887318ef079d06c0ca95d8cf0f9cf73f84e39402d,different,426978,43d002669c2c7c94dc9a86dfdb09804d623646478811c306c6f710070bb056e4,exact_current_official_content,assets/img/bg/1080/aegleseeker.jpg,unique_official_source,assets/img/bg/1080/observer_conflict.jpg,1,assets/img/bg/1080/observer_conflict.jpg
assets/img/bg/1080/djmax_nightmare.jpg,img/bg/1080/djmax_nightmare.jpg,372932,e639103922c29b25905399f887318ef079d06c0ca95d8cf0f9cf73f84e39402d,different,334429,3f1653ced30797f1f16053c5973aa5140a9d1612a9eb6c628e3f63fd6d2615de,exact_current_official_content,assets/img/bg/1080/aegleseeker.jpg,unique_official_source,assets/img/bg/1080/observer_conflict.jpg,1,assets/img/bg/1080/observer_conflict.jpg
assets/img/bg/1080/djmax_nightmare_clear.png,img/bg/1080/djmax_nightmare_clear.png,5439,2676bdfc5082616e50b62b64e55c1b74c8d5c0d01013d7365110db30c6ab7068,different,708781,7ac66a5537f2afdd77db7a1164c7bb1fc836fc8d062cde847345b43359ad1df4,fully_transparent_placeholder,assets/img/bg/1080/alterego_clear.png,no_current_official_match,,0,
assets/img/bg/1080/djmax_wagd.jpg,img/bg/1080/djmax_wagd.jpg,372932,e639103922c29b25905399f887318ef079d06c0ca95d8cf0f9cf73f84e39402d,different,440117,83c4a98f351c8cb75fb015ed270987e0ed789f6cac3dea76ec387708209f5ae9,exact_current_official_content,assets/img/bg/1080/aegleseeker.jpg,unique_official_source,assets/img/bg/1080/observer_conflict.jpg,1,assets/img/bg/1080/observer_conflict.jpg
assets/img/bg/1080/djmax_wagd_clear.png,img/bg/1080/djmax_wagd_clear.png,5439,2676bdfc5082616e50b62b64e55c1b74c8d5c0d01013d7365110db30c6ab7068,different,1365664,a9ea2bceba9a0ea33b98deec58c85d9a7283c43a06e219f3177c5bbff2b3fe08,fully_transparent_placeholder,assets/img/bg/1080/alterego_clear.png,no_current_official_match,,0,
assets/img/bg/1080/dynamix_conflict.jpg,img/bg/1080/dynamix_conflict.jpg,372932,e639103922c29b25905399f887318ef079d06c0ca95d8cf0f9cf73f84e39402d,different,278632,f1f50a36f55faf69c25adb70d1447341bfc81a6473e799e53d918e2acb939aa8,exact_current_official_content,assets/img/bg/1080/aegleseeker.jpg,unique_official_source,assets/img/bg/1080/observer_conflict.jpg,1,assets/img/bg/1080/observer_conflict.jpg
assets/img/bg/1080/dynamix_light.jpg,img/bg/1080/dynamix_light.jpg,372932,e639103922c29b25905399f887318ef079d06c0ca95d8cf0f9cf73f84e39402d,different,307979,a430b6d7735f52291e17ed8bb3003440374c463fa5739657c3ba434094cad6a1,exact_current_official_content,assets/img/bg/1080/aegleseeker.jpg,unique_official_source,assets/img/bg/1080/observer_conflict.jpg,1,assets/img/bg/1080/observer_conflict.jpg
assets/img/bg/1080/eclipse_clear.png,img/bg/1080/eclipse_clear.png,5222,1a8cff9a45e3112634bbf3cb119a250bd681b280bc326bf71facd168ff43e1d5,different,414554,803c991fd1d2b85f462de5fd90efc8d6b9fa2ba4d615237fd1c1527804ce462f,fully_transparent_placeholder,assets/img/bg/1080/eclipse_clear.png,no_current_official_match,,0,
assets/img/bg/1080/eclipse_conflict.jpg,img/bg/1080/eclipse_conflict.jpg,372932,e639103922c29b25905399f887318ef079d06c0ca95d8cf0f9cf73f84e39402d,different,310671,dc114e1b8b0f9899174018946188e9b4ddb7c0cf5dc8cd226a7ca630d8844608,exact_current_official_content,assets/img/bg/1080/aegleseeker.jpg,unique_official_source,assets/img/bg/1080/observer_conflict.jpg,1,assets/img/bg/1080/observer_conflict.jpg
assets/img/bg/1080/eclipse_light.jpg,img/bg/1080/eclipse_light.jpg,372932,e639103922c29b25905399f887318ef079d06c0ca95d8cf0f9cf73f84e39402d,different,413563,0767db6ddd366247ad06120fcb4e0b15d282de298b431963179bc75a07e8067a,exact_current_official_content,assets/img/bg/1080/aegleseeker.jpg,unique_official_source,assets/img/bg/1080/observer_conflict.jpg,1,assets/img/bg/1080/observer_conflict.jpg
assets/img/bg/1080/eden_append_conflict.jpg,img/bg/1080/eden_append_conflict.jpg,372932,e639103922c29b25905399f887318ef079d06c0ca95d8cf0f9cf73f84e39402d,different,313955,d990cdc07f33ea827e48c768b6709b60a1786cd2188cb02b390153eb0f5767b8,exact_current_official_content,assets/img/bg/1080/aegleseeker.jpg,unique_official_source,assets/img/bg/1080/observer_conflict.jpg,1,assets/img/bg/1080/observer_conflict.jpg
assets/img/bg/1080/eden_append_conflict_clear.png,img/bg/1080/eden_append_conflict_clear.png,5409,43f7aa9fb6881b29485c1d58c9ada63f3fa2d5d2169a288c32ba4a38f493e0cd,different,852884,e368198eae8d5d48267ffdd274edcdc4170ed9da1a587a841db4726b0703f3b2,fully_transparent_placeholder,assets/img/bg/1080/eden_append_conflict_clear.png,no_current_official_match,,0,
assets/img/bg/1080/eden_append_light.jpg,img/bg/1080/eden_append_light.jpg,372932,e639103922c29b25905399f887318ef079d06c0ca95d8cf0f9cf73f84e39402d,different,432649,b4d889d06baf04fdbfc65f19cdcfd3d6e821f77b2355063744750dc35aa6f3ff,exact_current_official_content,assets/img/bg/1080/aegleseeker.jpg,unique_official_source,assets/img/bg/1080/observer_conflict.jpg,1,assets/img/bg/1080/observer_conflict.jpg
assets/img/bg/1080/eden_append_light_clear.png,img/bg/1080/eden_append_light_clear.png,5409,43f7aa9fb6881b29485c1d58c9ada63f3fa2d5d2169a288c32ba4a38f493e0cd,different,1181720,9f3c2433eeb1d0a463280b3ef1322cecd83bc864da3f0059617b077ab73cf53e,fully_transparent_placeholder,assets/img/bg/1080/eden_append_conflict_clear.png,no_current_official_match,,0,
assets/img/bg/1080/eden_boss.jpg,img/bg/1080/eden_boss.jpg,372932,e639103922c29b25905399f887318ef079d06c0ca95d8cf0f9cf73f84e39402d,different,567057,88f596b42eb78ff933a8a3bb68cc9ec37ffbecde8cff2e822b83cb96d3a35c88,exact_current_official_content,assets/img/bg/1080/aegleseeker.jpg,unique_official_source,assets/img/bg/1080/observer_conflict.jpg,1,assets/img/bg/1080/observer_conflict.jpg
assets/img/bg/1080/eden_boss_clear.png,img/bg/1080/eden_boss_clear.png,5409,43f7aa9fb6881b29485c1d58c9ada63f3fa2d5d2169a288c32ba4a38f493e0cd,different,1398245,06f4d102ab56a8a58cc95aa8865e5841f29d280fc34f76017ebcdf011332ba06,fully_transparent_placeholder,assets/img/bg/1080/eden_append_conflict_clear.png,no_current_official_match,,0,
assets/img/bg/1080/eden_conflict.jpg,img/bg/1080/eden_conflict.jpg,372932,e639103922c29b25905399f887318ef079d06c0ca95d8cf0f9cf73f84e39402d,different,635273,0e10fcd8c1df9f434a596dd09bc2f8fe672bf45c2a38a3d071aa34f00dc3be88,exact_current_official_content,assets/img/bg/1080/aegleseeker.jpg,unique_official_source,assets/img/bg/1080/observer_conflict.jpg,1,assets/img/bg/1080/observer_conflict.jpg
assets/img/bg/1080/eden_conflict_clear.png,img/bg/1080/eden_conflict_clear.png,5409,43f7aa9fb6881b29485c1d58c9ada63f3fa2d5d2169a288c32ba4a38f493e0cd,different,1449839,acc6e12eafa9c38b33f18daea8616e3b6623e91d08f7a2a0bff937292bde76af,fully_transparent_placeholder,assets/img/bg/1080/eden_append_conflict_clear.png,no_current_official_match,,0,
assets/img/bg/1080/eden_light.jpg,img/bg/1080/eden_light.jpg,372932,e639103922c29b25905399f887318ef079d06c0ca95d8cf0f9cf73f84e39402d,different,508512,99abe5ea98a7d0e0b73e94587830e238c1f246f58331626b97d655ef23f8b115,exact_current_official_content,assets/img/bg/1080/aegleseeker.jpg,unique_official_source,assets/img/bg/1080/observer_conflict.jpg,1,assets/img/bg/1080/observer_conflict.jpg
assets/img/bg/1080/eden_light_clear.png,img/bg/1080/eden_light_clear.png,5409,43f7aa9fb6881b29485c1d58c9ada63f3fa2d5d2169a288c32ba4a38f493e0cd,different,1330868,bb137fde18cf481dcda5193041d427db09b59b460127ca48eed63cadd21c3d8f,fully_transparent_placeholder,assets/img/bg/1080/eden_append_conflict_clear.png,no_current_official_match,,0,
assets/img/bg/1080/epilogue.jpg,img/bg/1080/epilogue.jpg,372932,e639103922c29b25905399f887318ef079d06c0ca95d8cf0f9cf73f84e39402d,different,397363,8661a63ba8b55b50e970b75460e885a6a2fcd203c39542acc05ba15a34c875cf,exact_current_official_content,assets/img/bg/1080/aegleseeker.jpg,unique_official_source,assets/img/bg/1080/observer_conflict.jpg,1,assets/img/bg/1080/observer_conflict.jpg
assets/img/bg/1080/epilogue_clear.png,img/bg/1080/epilogue_clear.png,3057,8cbbde7dd4ca9d830f397fd03db957e16986f6671c00d03071225a930586f181,different,741883,d747fae7cc8c136be71fb4f16b4c7eb67b128a093122268f461b504f50f00712,fully_transparent_placeholder,assets/img/bg/1080/aegleseeker_clear.png,no_current_official_match,,0,
assets/img/bg/1080/epilogue_diamond.png,img/bg/1080/epilogue_diamond.png,70,c2153f77e11087fcb078ae38527fa83bef29791e3700e30cc87fec4405a66d0f,missing,,,fully_transparent_placeholder,assets/img/bg/1080/aegleseeker_diamond.png,no_current_official_match,,0,
assets/img/bg/1080/etherstrike.jpg,img/bg/1080/etherstrike.jpg,372932,e639103922c29b25905399f887318ef079d06c0ca95d8cf0f9cf73f84e39402d,different,343525,fc9024d7ee2cec954070f48cc828cad9f9767bc3d3b4cb3c5f948524cb573389,exact_current_official_content,assets/img/bg/1080/aegleseeker.jpg,unique_official_source,assets/img/bg/1080/observer_conflict.jpg,1,assets/img/bg/1080/observer_conflict.jpg
assets/img/bg/1080/etherstrike_.png,img/bg/1080/etherstrike_.png,10811,a02c7824db67169b0782e4197aeaa58724444b1224b69c49e524a3375ac5d689,different,1059342,df4b3b3dd7441e92ab7ef9f29bbb68d6a787f661848a143f93316bd836413e92,fully_transparent_placeholder,assets/img/bg/1080/arcahv-srt.png,no_current_official_match,,0,
assets/img/bg/1080/etherstrike_2.png,img/bg/1080/etherstrike_2.png,11254,679c054025ef54bcfbe6cbb1953027654716c277de2ae7b858033defd5d7fef6,different,800380,37a8d1b9af705cd76d04889cce8eb70b9c69004fe3929ba91b114d8fd9c928d2,fully_transparent_placeholder,assets/img/bg/1080/etherstrike_2.png,no_current_official_match,,0,
assets/img/bg/1080/etherstrike_clear.png,img/bg/1080/etherstrike_clear.png,3293,22a8bbd36832c1c06ced53337a2a2f058a811db78231648f5c5b262e26b345b6,different,863368,d70d3dd5c2b2fdce24f34960704677c0f5ec84baefe123a91a3ba851cc3531ef,fully_transparent_placeholder,assets/img/bg/1080/etherstrike_clear.png,no_current_official_match,,0,
assets/img/bg/1080/etherstrike_diamond.png,img/bg/1080/etherstrike_diamond.png,3293,22a8bbd36832c1c06ced53337a2a2f058a811db78231648f5c5b262e26b345b6,missing,,,fully_transparent_placeholder,assets/img/bg/1080/etherstrike_clear.png,no_current_official_match,,0,
assets/img/bg/1080/etherstrike_o.png,img/bg/1080/etherstrike_o.png,10811,a02c7824db67169b0782e4197aeaa58724444b1224b69c49e524a3375ac5d689,different,252740,e46a46acb8aee52a3c7a9769e1fb1ff3ff90d9837056ed3dd1254d78781b25f5,fully_transparent_placeholder,assets/img/bg/1080/arcahv-srt.png,no_current_official_match,,0,
assets/img/bg/1080/extradimensional.jpg,img/bg/1080/extradimensional.jpg,372932,e639103922c29b25905399f887318ef079d06c0ca95d8cf0f9cf73f84e39402d,different,658889,fdddbc88afd99b5c19914a528577807ea9658bf0d6f6ebe2b3455e66b0b4e29f,exact_current_official_content,assets/img/bg/1080/aegleseeker.jpg,unique_official_source,assets/img/bg/1080/observer_conflict.jpg,1,assets/img/bg/1080/observer_conflict.jpg
assets/img/bg/1080/felis.jpg,img/bg/1080/felis.jpg,372932,e639103922c29b25905399f887318ef079d06c0ca95d8cf0f9cf73f84e39402d,different,611545,4b2242b645599612d530b925b4940e7136883dc7b4fe95080543a258d3e9d8b7,exact_current_official_content,assets/img/bg/1080/aegleseeker.jpg,unique_official_source,assets/img/bg/1080/observer_conflict.jpg,1,assets/img/bg/1080/observer_conflict.jpg
assets/img/bg/1080/felis_clear.png,img/bg/1080/felis_clear.png,2344,bca8dc14eb2603b398e34a9a5d0bf802067d8b40e0a1a88ae2a281a8896efc8d,different,264243,42d8e27ddeed03f3de0d021ca7da7a308dc5dc3bb47a996932e1c787982c33cb,fully_transparent_placeholder,assets/img/bg/1080/felis_clear.png,no_current_official_match,,0,
assets/img/bg/1080/felis_diamond.png,img/bg/1080/felis_diamond.png,2344,bca8dc14eb2603b398e34a9a5d0bf802067d8b40e0a1a88ae2a281a8896efc8d,missing,,,fully_transparent_placeholder,assets/img/bg/1080/felis_clear.png,no_current_official_match,,0,
assets/img/bg/1080/finale_conflict.jpg,img/bg/1080/finale_conflict.jpg,372932,e639103922c29b25905399f887318ef079d06c0ca95d8cf0f9cf73f84e39402d,different,526548,526d460075b1379688abaea8d2259d412ac4282d9efe4a9cf7895f4c8ffa4d7f,exact_current_official_content,assets/img/bg/1080/aegleseeker.jpg,unique_official_source,assets/img/bg/1080/observer_conflict.jpg,1,assets/img/bg/1080/observer_conflict.jpg
assets/img/bg/1080/finale_conflict_clear.png,img/bg/1080/finale_conflict_clear.png,3057,8cbbde7dd4ca9d830f397fd03db957e16986f6671c00d03071225a930586f181,different,1036565,b2e5846279f6758edeafeb7ae2542e0321d6797cf40eac6aba953244b7db290a,fully_transparent_placeholder,assets/img/bg/1080/aegleseeker_clear.png,no_current_official_match,,0,
assets/img/bg/1080/finale_light.jpg,img/bg/1080/finale_light.jpg,372932,e639103922c29b25905399f887318ef079d06c0ca95d8cf0f9cf73f84e39402d,different,561243,5f7c0cad69180ae2422463446e70f097ce8ecbfef3394bb8352e0ba80f5a9c31,exact_current_official_content,assets/img/bg/1080/aegleseeker.jpg,unique_official_source,assets/img/bg/1080/observer_conflict.jpg,1,assets/img/bg/1080/observer_conflict.jpg
assets/img/bg/1080/finale_light_clear.png,img/bg/1080/finale_light_clear.png,3057,8cbbde7dd4ca9d830f397fd03db957e16986f6671c00d03071225a930586f181,different,644565,35d79cf94b4d8cb6dfa871e6c9a126a419c6ecd99119c683ea88fbfae7293422,fully_transparent_placeholder,assets/img/bg/1080/aegleseeker_clear.png,no_current_official_match,,0,
assets/img/bg/1080/fractureray.jpg,img/bg/1080/fractureray.jpg,372932,e639103922c29b25905399f887318ef079d06c0ca95d8cf0f9cf73f84e39402d,different,605594,15f07f2cb99f0178ae9cb952ee6acab73d3bd1fa080aee7a541dd8f6ed438c62,exact_current_official_content,assets/img/bg/1080/aegleseeker.jpg,unique_official_source,assets/img/bg/1080/observer_conflict.jpg,1,assets/img/bg/1080/observer_conflict.jpg
assets/img/bg/1080/gc_buchigire.jpg,img/bg/1080/gc_buchigire.jpg,372932,e639103922c29b25905399f887318ef079d06c0ca95d8cf0f9cf73f84e39402d,different,1061926,8221035754f1ad0500b4cce099f4a5f9e717cbe2ec5e82021eab1b1d62474153,exact_current_official_content,assets/img/bg/1080/aegleseeker.jpg,unique_official_source,assets/img/bg/1080/observer_conflict.jpg,1,assets/img/bg/1080/observer_conflict.jpg
assets/img/bg/1080/gc_conflict.jpg,img/bg/1080/gc_conflict.jpg,372932,e639103922c29b25905399f887318ef079d06c0ca95d8cf0f9cf73f84e39402d,different,612139,ce4b6c4f00826b3e57ad8f470ef89c2e65c18f57d7403c7dc6c862dacc7ca891,exact_current_official_content,assets/img/bg/1080/aegleseeker.jpg,unique_official_source,assets/img/bg/1080/observer_conflict.jpg,1,assets/img/bg/1080/observer_conflict.jpg
assets/img/bg/1080/gc_conflict_clear.png,img/bg/1080/gc_conflict_clear.png,2455,c57daffa17c3cb0be82232e7a581148675c4e28593fb7c4220e7967466f9a166,different,534685,0f3c3375ad9b573385f511ffe91d3f338cd810cf4780d095cea3c325bc1eca7d,fully_transparent_placeholder,assets/img/bg/1080/gc_conflict_clear.png,no_current_official_match,,0,
assets/img/bg/1080/gc_glow_conflict.png,img/bg/1080/gc_glow_conflict.png,2455,c57daffa17c3cb0be82232e7a581148675c4e28593fb7c4220e7967466f9a166,missing,,,fully_transparent_placeholder,assets/img/bg/1080/gc_conflict_clear.png,no_current_official_match,,0,
assets/img/bg/1080/gc_glow_lance.png,img/bg/1080/gc_glow_lance.png,1615,3365ae558e415bd58cf7aca850018d420988501f1c294bc46135cdbc9eacd2dc,missing,,,fully_transparent_placeholder,assets/img/bg/1080/gc_glow_lance.png,no_current_official_match,,0,
assets/img/bg/1080/gc_glow_light.png,img/bg/1080/gc_glow_light.png,2455,c57daffa17c3cb0be82232e7a581148675c4e28593fb7c4220e7967466f9a166,missing,,,fully_transparent_placeholder,assets/img/bg/1080/gc_conflict_clear.png,no_current_official_match,,0,
assets/img/bg/1080/gc_lance.jpg,img/bg/1080/gc_lance.jpg,372932,e639103922c29b25905399f887318ef079d06c0ca95d8cf0f9cf73f84e39402d,different,330889,b117aaeac28bbced7e3eabd029683dbc6b6c6bccfe728b0e5a6156e7bd880616,exact_current_official_content,assets/img/bg/1080/aegleseeker.jpg,unique_official_source,assets/img/bg/1080/observer_conflict.jpg,1,assets/img/bg/1080/observer_conflict.jpg
assets/img/bg/1080/gc_lance_clear.png,img/bg/1080/gc_lance_clear.png,1615,3365ae558e415bd58cf7aca850018d420988501f1c294bc46135cdbc9eacd2dc,different,308540,a4d6b14420596cfdffb58024d58b238c0fa4628adc4303d5845414d718b54199,fully_transparent_placeholder,assets/img/bg/1080/gc_glow_lance.png,no_current_official_match,,0,
assets/img/bg/1080/gc_light.jpg,img/bg/1080/gc_light.jpg,372932,e639103922c29b25905399f887318ef079d06c0ca95d8cf0f9cf73f84e39402d,different,234034,a26f7e6f335478c2d3a548e1993cf50a9260f30be0f9f3706d9690ed4249b9de,exact_current_official_content,assets/img/bg/1080/aegleseeker.jpg,unique_official_source,assets/img/bg/1080/observer_conflict.jpg,1,assets/img/bg/1080/observer_conflict.jpg
assets/img/bg/1080/gc_light_clear.png,img/bg/1080/gc_light_clear.png,5439,2676bdfc5082616e50b62b64e55c1b74c8d5c0d01013d7365110db30c6ab7068,different,1893870,395d027ad5e2ef3460db02a618d1c3d6fc77a0042e97932427b0d5fe72c525f6,fully_transparent_placeholder,assets/img/bg/1080/alterego_clear.png,no_current_official_match,,0,
assets/img/bg/1080/gc_ouroboros.jpg,img/bg/1080/gc_ouroboros.jpg,372932,e639103922c29b25905399f887318ef079d06c0ca95d8cf0f9cf73f84e39402d,different,599024,93272e4c91c91aacc2f5f729454f8a2b5e96eca61e93898231a65253b35466c9,exact_current_official_content,assets/img/bg/1080/aegleseeker.jpg,unique_official_source,assets/img/bg/1080/observer_conflict.jpg,1,assets/img/bg/1080/observer_conflict.jpg
assets/img/bg/1080/gou.jpg,img/bg/1080/gou.jpg,372932,e639103922c29b25905399f887318ef079d06c0ca95d8cf0f9cf73f84e39402d,different,578983,e1a4bb7f7498325a5b0f983b57f51e11a5ff4175cd61ae4f2cf95520aafb3fc2,exact_current_official_content,assets/img/bg/1080/aegleseeker.jpg,unique_official_source,assets/img/bg/1080/observer_conflict.jpg,1,assets/img/bg/1080/observer_conflict.jpg
assets/img/bg/1080/gou_clear.png,img/bg/1080/gou_clear.png,5439,2676bdfc5082616e50b62b64e55c1b74c8d5c0d01013d7365110db30c6ab7068,different,2745699,a0d43fdc6a232f28b6866ebce66b72cb3bef6c476ba8f8d1933983bd656e50f7,fully_transparent_placeholder,assets/img/bg/1080/alterego_clear.png,no_current_official_match,,0,
assets/img/bg/1080/gou_diamond.png,img/bg/1080/gou_diamond.png,5439,2676bdfc5082616e50b62b64e55c1b74c8d5c0d01013d7365110db30c6ab7068,missing,,,fully_transparent_placeholder,assets/img/bg/1080/alterego_clear.png,no_current_official_match,,0,
assets/img/bg/1080/grievouslady.jpg,img/bg/1080/grievouslady.jpg,372932,e639103922c29b25905399f887318ef079d06c0ca95d8cf0f9cf73f84e39402d,different,423165,a7ffb3a8e835cd596787956a0986665e6fb222d1183dc451b19737b21f19c68a,exact_current_official_content,assets/img/bg/1080/aegleseeker.jpg,unique_official_source,assets/img/bg/1080/observer_conflict.jpg,1,assets/img/bg/1080/observer_conflict.jpg
assets/img/bg/1080/hime_conflict.jpg,img/bg/1080/hime_conflict.jpg,372932,e639103922c29b25905399f887318ef079d06c0ca95d8cf0f9cf73f84e39402d,different,303433,51abe64a639069997b3607417fdc05d5def6f7fbe5ad7207ad5cafcc7fe28564,exact_current_official_content,assets/img/bg/1080/aegleseeker.jpg,unique_official_source,assets/img/bg/1080/observer_conflict.jpg,1,assets/img/bg/1080/observer_conflict.jpg
assets/img/bg/1080/hime_conflict_clear.png,img/bg/1080/hime_conflict_clear.png,3057,8cbbde7dd4ca9d830f397fd03db957e16986f6671c00d03071225a930586f181,different,1277782,9ee96de91abb82cb6ffdc18c92b37b87902dd1f111ad6e8a239255b61e741d1e,fully_transparent_placeholder,assets/img/bg/1080/aegleseeker_clear.png,no_current_official_match,,0,
assets/img/bg/1080/hime_diamond_conflict.png,img/bg/1080/hime_diamond_conflict.png,3057,8cbbde7dd4ca9d830f397fd03db957e16986f6671c00d03071225a930586f181,missing,,,fully_transparent_placeholder,assets/img/bg/1080/aegleseeker_clear.png,no_current_official_match,,0,
assets/img/bg/1080/hime_diamond_light.png,img/bg/1080/hime_diamond_light.png,3057,8cbbde7dd4ca9d830f397fd03db957e16986f6671c00d03071225a930586f181,missing,,,fully_transparent_placeholder,assets/img/bg/1080/aegleseeker_clear.png,no_current_official_match,,0,
assets/img/bg/1080/hime_light.jpg,img/bg/1080/hime_light.jpg,372932,e639103922c29b25905399f887318ef079d06c0ca95d8cf0f9cf73f84e39402d,different,268610,165ed3cb6bd5ae593df677256e659206db788cd756e210445e7a7ac3c40f436c,exact_current_official_content,assets/img/bg/1080/aegleseeker.jpg,unique_official_source,assets/img/bg/1080/observer_conflict.jpg,1,assets/img/bg/1080/observer_conflict.jpg
assets/img/bg/1080/hime_light_clear.png,img/bg/1080/hime_light_clear.png,3057,8cbbde7dd4ca9d830f397fd03db957e16986f6671c00d03071225a930586f181,different,1062896,dd90a96afcae2abb7c8c6e5ac78edd061b9432bfe17d0c3642671793c80154f8,fully_transparent_placeholder,assets/img/bg/1080/aegleseeker_clear.png,no_current_official_match,,0,
assets/img/bg/1080/lamentrain.jpg,img/bg/1080/lamentrain.jpg,372932,e639103922c29b25905399f887318ef079d06c0ca95d8cf0f9cf73f84e39402d,different,491048,f7669013b09f88682be236a63c7611e98bc8d3d96076eacdf471f6fce4620071,exact_current_official_content,assets/img/bg/1080/aegleseeker.jpg,unique_official_source,assets/img/bg/1080/observer_conflict.jpg,1,assets/img/bg/1080/observer_conflict.jpg
assets/img/bg/1080/lamentrain_clear.png,img/bg/1080/lamentrain_clear.png,70,c2153f77e11087fcb078ae38527fa83bef29791e3700e30cc87fec4405a66d0f,different,1557889,e316d240e7ae63cb022a535b116c70020024924f39c63581cf07723c023adca4,fully_transparent_placeholder,assets/img/bg/1080/aegleseeker_diamond.png,no_current_official_match,,0,
assets/img/bg/1080/lamia.jpg,img/bg/1080/lamia.jpg,372932,e639103922c29b25905399f887318ef079d06c0ca95d8cf0f9cf73f84e39402d,different,298257,439d06054533ce02fae68628fb7ce8fd19cdabd4952c73331c89fba994f9b656,exact_current_official_content,assets/img/bg/1080/aegleseeker.jpg,unique_official_source,assets/img/bg/1080/observer_conflict.jpg,1,assets/img/bg/1080/observer_conflict.jpg
assets/img/bg/1080/lamia_clear.png,img/bg/1080/lamia_clear.png,5439,2676bdfc5082616e50b62b64e55c1b74c8d5c0d01013d7365110db30c6ab7068,different,1889827,d023886179221ee6781affd79edf107b60050a1a9cfd192a813d496ed019f48c,fully_transparent_placeholder,assets/img/bg/1080/alterego_clear.png,no_current_official_match,,0,
assets/img/bg/1080/lamia_diamond.png,img/bg/1080/lamia_diamond.png,5439,2676bdfc5082616e50b62b64e55c1b74c8d5c0d01013d7365110db30c6ab7068,missing,,,fully_transparent_placeholder,assets/img/bg/1080/alterego_clear.png,no_current_official_match,,0,
assets/img/bg/1080/lanota-conflict.jpg,img/bg/1080/lanota-conflict.jpg,372932,e639103922c29b25905399f887318ef079d06c0ca95d8cf0f9cf73f84e39402d,different,228074,679cd55f2bf6a1ccb5d2c74512e9b66d43e5a7560af69fa7f9fafde2ec59dd84,exact_current_official_content,assets/img/bg/1080/aegleseeker.jpg,unique_official_source,assets/img/bg/1080/observer_conflict.jpg,1,assets/img/bg/1080/observer_conflict.jpg
assets/img/bg/1080/lanota-light.jpg,img/bg/1080/lanota-light.jpg,372932,e639103922c29b25905399f887318ef079d06c0ca95d8cf0f9cf73f84e39402d,different,416252,6ba5845d7f9f1c225ddf96e59dbec7d22dacc14a148cea6035341badeca9d097,exact_current_official_content,assets/img/bg/1080/aegleseeker.jpg,unique_official_source,assets/img/bg/1080/observer_conflict.jpg,1,assets/img/bg/1080/observer_conflict.jpg
assets/img/bg/1080/lephon.jpg,img/bg/1080/lephon.jpg,372932,e639103922c29b25905399f887318ef079d06c0ca95d8cf0f9cf73f84e39402d,different,416136,8be1fee741c2b1c1a03d55f7b826295cf3870974dc7a30aeb3f3269f6660dc3f,exact_current_official_content,assets/img/bg/1080/aegleseeker.jpg,unique_official_source,assets/img/bg/1080/observer_conflict.jpg,1,assets/img/bg/1080/observer_conflict.jpg
assets/img/bg/1080/lephon_clear.png,img/bg/1080/lephon_clear.png,70,c2153f77e11087fcb078ae38527fa83bef29791e3700e30cc87fec4405a66d0f,different,1304285,35568d9e14df8b9031c0c30e6868ed3e607fecaedb21091b42073045ef6fca74,fully_transparent_placeholder,assets/img/bg/1080/aegleseeker_diamond.png,no_current_official_match,,0,
assets/img/bg/1080/lethaeus.jpg,img/bg/1080/lethaeus.jpg,372932,e639103922c29b25905399f887318ef079d06c0ca95d8cf0f9cf73f84e39402d,different,524952,3890114a48bb01a2e62a9e84443b001c80e4e96d4e6c5a4cba13e12bb9247592,exact_current_official_content,assets/img/bg/1080/aegleseeker.jpg,unique_official_source,assets/img/bg/1080/observer_conflict.jpg,1,assets/img/bg/1080/observer_conflict.jpg
assets/img/bg/1080/lethaeus_clear.png,img/bg/1080/lethaeus_clear.png,5439,2676bdfc5082616e50b62b64e55c1b74c8d5c0d01013d7365110db30c6ab7068,different,2293200,f8bbc7337f55eecb846a07a740b2068681c93eb142784d9717d85f8dc8a5ea86,fully_transparent_placeholder,assets/img/bg/1080/alterego_clear.png,no_current_official_match,,0,
assets/img/bg/1080/macula_conflict_a.jpg,img/bg/1080/macula_conflict_a.jpg,372932,e639103922c29b25905399f887318ef079d06c0ca95d8cf0f9cf73f84e39402d,different,1289462,700603f1561c4bcf7c963ad4fcd74451c7d3e85098b64ae5b473a48bf3f7fbf3,exact_current_official_content,assets/img/bg/1080/aegleseeker.jpg,unique_official_source,assets/img/bg/1080/observer_conflict.jpg,1,assets/img/bg/1080/observer_conflict.jpg
assets/img/bg/1080/macula_conflict_a_clear.png,img/bg/1080/macula_conflict_a_clear.png,5439,2676bdfc5082616e50b62b64e55c1b74c8d5c0d01013d7365110db30c6ab7068,different,1468770,b87cb32dad11354251ed0c9e35ffb791ef905796b419348268d7bedb9def6c97,fully_transparent_placeholder,assets/img/bg/1080/alterego_clear.png,no_current_official_match,,0,
assets/img/bg/1080/macula_conflict_b.jpg,img/bg/1080/macula_conflict_b.jpg,372932,e639103922c29b25905399f887318ef079d06c0ca95d8cf0f9cf73f84e39402d,different,1429565,b9dcec68cc972b794aa01f0af1b380aafd45e26c1d531d69b428fcce60355122,exact_current_official_content,assets/img/bg/1080/aegleseeker.jpg,unique_official_source,assets/img/bg/1080/observer_conflict.jpg,1,assets/img/bg/1080/observer_conflict.jpg
assets/img/bg/1080/macula_conflict_clear.png,img/bg/1080/macula_conflict_clear.png,5439,2676bdfc5082616e50b62b64e55c1b74c8d5c0d01013d7365110db30c6ab7068,missing,,,fully_transparent_placeholder,assets/img/bg/1080/alterego_clear.png,no_current_official_match,,0,
assets/img/bg/1080/macula_light_a.jpg,img/bg/1080/macula_light_a.jpg,372932,e639103922c29b25905399f887318ef079d06c0ca95d8cf0f9cf73f84e39402d,different,1678855,0ea43dd21381c523e19d96e3ab71b03652d3ff9b983e1c0ef3b60749b1f5263b,exact_current_official_content,assets/img/bg/1080/aegleseeker.jpg,unique_official_source,assets/img/bg/1080/observer_conflict.jpg,1,assets/img/bg/1080/observer_conflict.jpg
assets/img/bg/1080/macula_light_a_clear.png,img/bg/1080/macula_light_a_clear.png,5439,2676bdfc5082616e50b62b64e55c1b74c8d5c0d01013d7365110db30c6ab7068,different,833289,aabcdcc9a43ebbdc78ff71fccb0144bbdd49f3637c7dd7b31147c0d54ecd03d7,fully_transparent_placeholder,assets/img/bg/1080/alterego_clear.png,no_current_official_match,,0,
assets/img/bg/1080/macula_light_b.jpg,img/bg/1080/macula_light_b.jpg,372932,e639103922c29b25905399f887318ef079d06c0ca95d8cf0f9cf73f84e39402d,different,2165204,7516a521b3ee6984b50fc17e991bd15b280e119294528386c6ee27728edae8dc,exact_current_official_content,assets/img/bg/1080/aegleseeker.jpg,unique_official_source,assets/img/bg/1080/observer_conflict.jpg,1,assets/img/bg/1080/observer_conflict.jpg
assets/img/bg/1080/macula_light_clear.png,img/bg/1080/macula_light_clear.png,5439,2676bdfc5082616e50b62b64e55c1b74c8d5c0d01013d7365110db30c6ab7068,missing,,,fully_transparent_placeholder,assets/img/bg/1080/alterego_clear.png,no_current_official_match,,0,
assets/img/bg/1080/magnolia.jpg,img/bg/1080/magnolia.jpg,372932,e639103922c29b25905399f887318ef079d06c0ca95d8cf0f9cf73f84e39402d,different,368157,2382e9799c839579ff6329a60427e11bc61f9a086ee520f78c3fb88d38d3a276,exact_current_official_content,assets/img/bg/1080/aegleseeker.jpg,unique_official_source,assets/img/bg/1080/observer_conflict.jpg,1,assets/img/bg/1080/observer_conflict.jpg
assets/img/bg/1080/magnolia_clear.png,img/bg/1080/magnolia_clear.png,5439,2676bdfc5082616e50b62b64e55c1b74c8d5c0d01013d7365110db30c6ab7068,different,1414696,8303abc607d7fed977ac371f032544d169cad1ca6cb6393de9fbc7a42494fd57,fully_transparent_placeholder,assets/img/bg/1080/alterego_clear.png,no_current_official_match,,0,
assets/img/bg/1080/maimai_boss.jpg,img/bg/1080/maimai_boss.jpg,372932,e639103922c29b25905399f887318ef079d06c0ca95d8cf0f9cf73f84e39402d,different,617650,0761fabc11acc4d4e01632a3a0d133897374117e51bb990bbb436141e320abe9,exact_current_official_content,assets/img/bg/1080/aegleseeker.jpg,unique_official_source,assets/img/bg/1080/observer_conflict.jpg,1,assets/img/bg/1080/observer_conflict.jpg
assets/img/bg/1080/maimai_boss_clear.png,img/bg/1080/maimai_boss_clear.png,5439,2676bdfc5082616e50b62b64e55c1b74c8d5c0d01013d7365110db30c6ab7068,different,1905347,1be704359aa88336853b752cb61c4248861a8e053ad8c5a740300beec2b1ea1a,fully_transparent_placeholder,assets/img/bg/1080/alterego_clear.png,no_current_official_match,,0,
assets/img/bg/1080/maimai_boss_diamond.png,img/bg/1080/maimai_boss_diamond.png,5439,2676bdfc5082616e50b62b64e55c1b74c8d5c0d01013d7365110db30c6ab7068,missing,,,fully_transparent_placeholder,assets/img/bg/1080/alterego_clear.png,no_current_official_match,,0,
assets/img/bg/1080/maimai_conflict.jpg,img/bg/1080/maimai_conflict.jpg,372932,e639103922c29b25905399f887318ef079d06c0ca95d8cf0f9cf73f84e39402d,different,371746,57d1a063a3608ac41092959afa91215cd42a8633ae550e21140e4c616430293b,exact_current_official_content,assets/img/bg/1080/aegleseeker.jpg,unique_official_source,assets/img/bg/1080/observer_conflict.jpg,1,assets/img/bg/1080/observer_conflict.jpg
assets/img/bg/1080/maimai_conflict_clear.png,img/bg/1080/maimai_conflict_clear.png,4806,1376680e3fe26298fc093b3566e252b2ac1f00611b728c9eea4df62470601e4a,different,1096185,4d7a4c92f4185a1b50ad807d26a5f5d147772af1ed3c891f10461b2bb590154f,fully_transparent_placeholder,assets/img/bg/1080/maimai_conflict_clear.png,no_current_official_match,,0,
assets/img/bg/1080/maimai_conflict_diamond.png,img/bg/1080/maimai_conflict_diamond.png,4806,1376680e3fe26298fc093b3566e252b2ac1f00611b728c9eea4df62470601e4a,missing,,,fully_transparent_placeholder,assets/img/bg/1080/maimai_conflict_clear.png,no_current_official_match,,0,
assets/img/bg/1080/maimai_light.jpg,img/bg/1080/maimai_light.jpg,372932,e639103922c29b25905399f887318ef079d06c0ca95d8cf0f9cf73f84e39402d,different,367897,0bd1bee08a68b0de0fff203a61e9265e2b0c4b6bc05fa5770479baedb19b33d9,exact_current_official_content,assets/img/bg/1080/aegleseeker.jpg,unique_official_source,assets/img/bg/1080/observer_conflict.jpg,1,assets/img/bg/1080/observer_conflict.jpg
assets/img/bg/1080/maimai_light_clear.png,img/bg/1080/maimai_light_clear.png,5439,2676bdfc5082616e50b62b64e55c1b74c8d5c0d01013d7365110db30c6ab7068,different,1135336,ffb50a10d16b532eda4507ea5e4569044588a4eb6b2bbe4463d3796eefa96eb5,fully_transparent_placeholder,assets/img/bg/1080/alterego_clear.png,no_current_official_match,,0,
assets/img/bg/1080/maimai_light_diamond.png,img/bg/1080/maimai_light_diamond.png,4806,1376680e3fe26298fc093b3566e252b2ac1f00611b728c9eea4df62470601e4a,missing,,,fully_transparent_placeholder,assets/img/bg/1080/maimai_conflict_clear.png,no_current_official_match,,0,
assets/img/bg/1080/megalovaniarmx.jpg,img/bg/1080/megalovaniarmx.jpg,372932,e639103922c29b25905399f887318ef079d06c0ca95d8cf0f9cf73f84e39402d,different,325942,0d602c61667656898ae506b51eb086dda030d8db525bbd8e3e1a0ef61c9a4701,exact_current_official_content,assets/img/bg/1080/aegleseeker.jpg,unique_official_source,assets/img/bg/1080/observer_conflict.jpg,1,assets/img/bg/1080/observer_conflict.jpg
assets/img/bg/1080/megalovaniarmx_clear.png,img/bg/1080/megalovaniarmx_clear.png,5238,1ab63e4a6d669914cc984c7336189d3d194eff5db809fa0968d29633c4b1010f,different,607848,7f887b44bc45b46435644543339d79eb49c4fb23624e02f3d15dd16b81b4b693,fully_transparent_placeholder,assets/img/bg/1080/aethercrest_clear.png,no_current_official_match,,0,
assets/img/bg/1080/megarex_conflict.jpg,img/bg/1080/megarex_conflict.jpg,372932,e639103922c29b25905399f887318ef079d06c0ca95d8cf0f9cf73f84e39402d,different,1479047,fc2f1f638f84bf62419407d753c820acaeb3ca2077f60194883688dbece3bef3,exact_current_official_content,assets/img/bg/1080/aegleseeker.jpg,unique_official_source,assets/img/bg/1080/observer_conflict.jpg,1,assets/img/bg/1080/observer_conflict.jpg
assets/img/bg/1080/megarex_light.jpg,img/bg/1080/megarex_light.jpg,372932,e639103922c29b25905399f887318ef079d06c0ca95d8cf0f9cf73f84e39402d,different,1626517,4784c367be6a862a4db203143e78f72f5fe7501b0ebd4b059bf9c1b188f91a24,exact_current_official_content,assets/img/bg/1080/aegleseeker.jpg,unique_official_source,assets/img/bg/1080/observer_conflict.jpg,1,assets/img/bg/1080/observer_conflict.jpg
assets/img/bg/1080/megarex_signal.jpg,img/bg/1080/megarex_signal.jpg,372932,e639103922c29b25905399f887318ef079d06c0ca95d8cf0f9cf73f84e39402d,different,451804,f30b0c4de69c6bc34517d5680f97200a2bcf1ba499d9a1887249c19eb60ed6b9,exact_current_official_content,assets/img/bg/1080/aegleseeker.jpg,unique_official_source,assets/img/bg/1080/observer_conflict.jpg,1,assets/img/bg/1080/observer_conflict.jpg
assets/img/bg/1080/meta_mysteria.jpg,img/bg/1080/meta_mysteria.jpg,372932,e639103922c29b25905399f887318ef079d06c0ca95d8cf0f9cf73f84e39402d,different,509742,6287242ba1006ae7ffebdd1e02de45fab291d4e54e31a3ff9e28b693642bbef0,exact_current_official_content,assets/img/bg/1080/aegleseeker.jpg,unique_official_source,assets/img/bg/1080/observer_conflict.jpg,1,assets/img/bg/1080/observer_conflict.jpg
assets/img/bg/1080/meta_mysteria_clear.png,img/bg/1080/meta_mysteria_clear.png,5439,2676bdfc5082616e50b62b64e55c1b74c8d5c0d01013d7365110db30c6ab7068,different,3059130,12ca3cc50f5adc896341744212bfe6992a240731a58395efe74ee174823b1e8d,fully_transparent_placeholder,assets/img/bg/1080/alterego_clear.png,no_current_official_match,,0,
assets/img/bg/1080/mirai_awakened.jpg,img/bg/1080/mirai_awakened.jpg,372932,e639103922c29b25905399f887318ef079d06c0ca95d8cf0f9cf73f84e39402d,different,299408,3b4b1e24f1d8e29befc4929d82a507e92349f48bb1b1e8c39d9d7bb3d59d19f2,exact_current_official_content,assets/img/bg/1080/aegleseeker.jpg,unique_official_source,assets/img/bg/1080/observer_conflict.jpg,1,assets/img/bg/1080/observer_conflict.jpg
assets/img/bg/1080/mirai_awakened_clear.png,img/bg/1080/mirai_awakened_clear.png,4099,50c5b75686b2117317ce29f27fc21db566a4b627137b05132cfa23e57748f150,different,613495,2cca0d6d8639c5bdeb62dc20e05bb39e1e588d12a833d35c53fcc17427609236,fully_transparent_placeholder,assets/img/bg/1080/mirai_awakened_clear.png,no_current_official_match,,0,
assets/img/bg/1080/mirai_awakened_glow.png,img/bg/1080/mirai_awakened_glow.png,4099,50c5b75686b2117317ce29f27fc21db566a4b627137b05132cfa23e57748f150,missing,,,fully_transparent_placeholder,assets/img/bg/1080/mirai_awakened_clear.png,no_current_official_match,,0,
assets/img/bg/1080/mirai_conflict.jpg,img/bg/1080/mirai_conflict.jpg,372932,e639103922c29b25905399f887318ef079d06c0ca95d8cf0f9cf73f84e39402d,different,210970,c51193e3f5f3b55276fc47d06dffa0bf692bdc82ea41479d94a4590e2f7a7909,exact_current_official_content,assets/img/bg/1080/aegleseeker.jpg,unique_official_source,assets/img/bg/1080/observer_conflict.jpg,1,assets/img/bg/1080/observer_conflict.jpg
assets/img/bg/1080/mirai_conflict_clear.png,img/bg/1080/mirai_conflict_clear.png,5439,2676bdfc5082616e50b62b64e55c1b74c8d5c0d01013d7365110db30c6ab7068,different,1288653,e2516c2a45e85587cc702f0cdfd9a263816f6463d13524bb3573402b7b27e3ad,fully_transparent_placeholder,assets/img/bg/1080/alterego_clear.png,no_current_official_match,,0,
assets/img/bg/1080/mirai_light.jpg,img/bg/1080/mirai_light.jpg,372932,e639103922c29b25905399f887318ef079d06c0ca95d8cf0f9cf73f84e39402d,different,185244,e49bb710ee76ccc2547b0c15164855833b587e7d45873d8002c2518926d1dedf,exact_current_official_content,assets/img/bg/1080/aegleseeker.jpg,unique_official_source,assets/img/bg/1080/observer_conflict.jpg,1,assets/img/bg/1080/observer_conflict.jpg
assets/img/bg/1080/mirai_light_clear.png,img/bg/1080/mirai_light_clear.png,5439,2676bdfc5082616e50b62b64e55c1b74c8d5c0d01013d7365110db30c6ab7068,different,1286863,244623738d9248da822445aca6d1ef771e29dd387881fa4ac3a94485c586dced,fully_transparent_placeholder,assets/img/bg/1080/alterego_clear.png,no_current_official_match,,0,
assets/img/bg/1080/modelista.jpg,img/bg/1080/modelista.jpg,372932,e639103922c29b25905399f887318ef079d06c0ca95d8cf0f9cf73f84e39402d,different,587215,836fe90afff2f42ba24ae6ae282fda5cf621c9355ffe4249a3871fe76c6f2015,exact_current_official_content,assets/img/bg/1080/aegleseeker.jpg,unique_official_source,assets/img/bg/1080/observer_conflict.jpg,1,assets/img/bg/1080/observer_conflict.jpg
assets/img/bg/1080/musedash_conflict.jpg,img/bg/1080/musedash_conflict.jpg,372932,e639103922c29b25905399f887318ef079d06c0ca95d8cf0f9cf73f84e39402d,different,269307,7f0cef8336a8d952c16a19e684955711a9cce4dc0eea2008d1fb2bc90a4c55a6,exact_current_official_content,assets/img/bg/1080/aegleseeker.jpg,unique_official_source,assets/img/bg/1080/observer_conflict.jpg,1,assets/img/bg/1080/observer_conflict.jpg
assets/img/bg/1080/musedash_conflict_clear.png,img/bg/1080/musedash_conflict_clear.png,5439,2676bdfc5082616e50b62b64e55c1b74c8d5c0d01013d7365110db30c6ab7068,different,3759110,df6a9c27029579a162fdc688a8a707fc3efc55e620926de0a4aaf157c2b7f0b6,fully_transparent_placeholder,assets/img/bg/1080/alterego_clear.png,no_current_official_match,,0,
assets/img/bg/1080/musedash_light.jpg,img/bg/1080/musedash_light.jpg,372932,e639103922c29b25905399f887318ef079d06c0ca95d8cf0f9cf73f84e39402d,different,328677,51d0b45cceddd2c81fe45437a08e2faf8b763e3ddadc02203cfc64d0146dc07c,exact_current_official_content,assets/img/bg/1080/aegleseeker.jpg,unique_official_source,assets/img/bg/1080/observer_conflict.jpg,1,assets/img/bg/1080/observer_conflict.jpg
assets/img/bg/1080/musedash_light_clear.png,img/bg/1080/musedash_light_clear.png,5439,2676bdfc5082616e50b62b64e55c1b74c8d5c0d01013d7365110db30c6ab7068,different,3834944,0d92725a3e84a7355012657beb5f15b163a36484345febdb9342e0a3ffa8c402,fully_transparent_placeholder,assets/img/bg/1080/alterego_clear.png,no_current_official_match,,0,
assets/img/bg/1080/nextstage_light.jpg,img/bg/1080/nextstage_light.jpg,372932,e639103922c29b25905399f887318ef079d06c0ca95d8cf0f9cf73f84e39402d,different,401962,cd8010402cfed59ee02eda0ef898671e9d71311e017c579c0cc5f73efff1452c,exact_current_official_content,assets/img/bg/1080/aegleseeker.jpg,unique_official_source,assets/img/bg/1080/observer_conflict.jpg,1,assets/img/bg/1080/observer_conflict.jpg
assets/img/bg/1080/nihil.jpg,img/bg/1080/nihil.jpg,372932,e639103922c29b25905399f887318ef079d06c0ca95d8cf0f9cf73f84e39402d,different,453997,1c134e4bdffa5527bdac5974caf0b1d31b68109520a00f8f319eb254296a3fea,exact_current_official_content,assets/img/bg/1080/aegleseeker.jpg,unique_official_source,assets/img/bg/1080/observer_conflict.jpg,1,assets/img/bg/1080/observer_conflict.jpg
assets/img/bg/1080/nihil_clear.png,img/bg/1080/nihil_clear.png,5298,e69cf76f04195a1b138471fc4f44a769249eb7860c2837cf0e57eb95652a4c84,different,1787488,359fb775d18d6acf20f1dbc5102669271b5f0cdb1b7bed39b453d16290b36312,fully_transparent_placeholder,assets/img/bg/1080/nihil_clear.png,no_current_official_match,,0,
assets/img/bg/1080/nijuusei2_conflict.jpg,img/bg/1080/nijuusei2_conflict.jpg,372932,e639103922c29b25905399f887318ef079d06c0ca95d8cf0f9cf73f84e39402d,different,425904,b2f377bfe72b9f7a2e335b85ec3b57abf58e0850587b35926bf7ac7e5a9fc800,exact_current_official_content,assets/img/bg/1080/aegleseeker.jpg,unique_official_source,assets/img/bg/1080/observer_conflict.jpg,1,assets/img/bg/1080/observer_conflict.jpg
assets/img/bg/1080/nijuusei2_conflict_clear.png,img/bg/1080/nijuusei2_conflict_clear.png,2506,a6d03c118b0431ae8618cd2e92264a75291a73f6869673af6250478bd8e0127c,different,746767,ca2f037c682058040e8ee005f5f21bc192d280e7247c067e4befb5b6bbf22bc2,fully_transparent_placeholder,assets/img/bg/1080/diamond_nijuusei2_conflict.png,no_current_official_match,,0,
assets/img/bg/1080/nijuusei2_light.jpg,img/bg/1080/nijuusei2_light.jpg,372932,e639103922c29b25905399f887318ef079d06c0ca95d8cf0f9cf73f84e39402d,different,653596,a42c00cadde9dbfcb0aa642810cd4ff0b9249acd50b7d53527830cae8092c030,exact_current_official_content,assets/img/bg/1080/aegleseeker.jpg,unique_official_source,assets/img/bg/1080/observer_conflict.jpg,1,assets/img/bg/1080/observer_conflict.jpg
assets/img/bg/1080/nijuusei2_light_clear.png,img/bg/1080/nijuusei2_light_clear.png,3012,795c6c89bdefe31a78387c7a65a89e39b8ed3c8dcfc82cd739f8117057610a97,different,1313109,789ddcda0628df5c277e98092a9a54588ad6284f3eaf846152a198bd3eccacc6,fully_transparent_placeholder,assets/img/bg/1080/nijuusei2_light_clear.png,no_current_official_match,,0,
assets/img/bg/1080/nijuusei-conflict-b.jpg,img/bg/1080/nijuusei-conflict-b.jpg,372932,e639103922c29b25905399f887318ef079d06c0ca95d8cf0f9cf73f84e39402d,different,294233,760ab30f95174bbb73bdcac36e5439b09f9c5676d0abb6fba7e2e72a39eef4ea,exact_current_official_content,assets/img/bg/1080/aegleseeker.jpg,unique_official_source,assets/img/bg/1080/observer_conflict.jpg,1,assets/img/bg/1080/observer_conflict.jpg
assets/img/bg/1080/nijuusei-conflict-b_clear.png,img/bg/1080/nijuusei-conflict-b_clear.png,5439,2676bdfc5082616e50b62b64e55c1b74c8d5c0d01013d7365110db30c6ab7068,different,1614529,6a4904fea4ffd2133e494e7e13fab93cce81e0b016a62fa828fcbd9b6b2114a3,fully_transparent_placeholder,assets/img/bg/1080/alterego_clear.png,no_current_official_match,,0,
assets/img/bg/1080/nijuusei-light-b.jpg,img/bg/1080/nijuusei-light-b.jpg,372932,e639103922c29b25905399f887318ef079d06c0ca95d8cf0f9cf73f84e39402d,different,239646,5e17c9d6e2028412679fa9d7aee6047b89cf833cc4467e67d8736106f218e075,exact_current_official_content,assets/img/bg/1080/aegleseeker.jpg,unique_official_source,assets/img/bg/1080/observer_conflict.jpg,1,assets/img/bg/1080/observer_conflict.jpg
assets/img/bg/1080/nijuusei-light-b_clear.png,img/bg/1080/nijuusei-light-b_clear.png,5439,2676bdfc5082616e50b62b64e55c1b74c8d5c0d01013d7365110db30c6ab7068,different,1034944,40a14fc36403c55f1b88664110300d220a1fa67d7bbf1bc45a4549f65ea77474,fully_transparent_placeholder,assets/img/bg/1080/alterego_clear.png,no_current_official_match,,0,
assets/img/bg/1080/nirvluce.jpg,img/bg/1080/nirvluce.jpg,372932,e639103922c29b25905399f887318ef079d06c0ca95d8cf0f9cf73f84e39402d,different,344002,dcd0436ef24b358a4b1c2fa80bbb1579161ba51ef22ae7ffb8ccb1781e711549,exact_current_official_content,assets/img/bg/1080/aegleseeker.jpg,unique_official_source,assets/img/bg/1080/observer_conflict.jpg,1,assets/img/bg/1080/observer_conflict.jpg
assets/img/bg/1080/observer_conflict_clear.png,img/bg/1080/observer_conflict_clear.png,3057,8cbbde7dd4ca9d830f397fd03db957e16986f6671c00d03071225a930586f181,different,1062964,661102c9e368e2732cd82f788f65e8ecea0d372cfb347cb2714e8626eac3d4f8,fully_transparent_placeholder,assets/img/bg/1080/aegleseeker_clear.png,no_current_official_match,,0,
assets/img/bg/1080/observer_conflict_diamond.png,img/bg/1080/observer_conflict_diamond.png,3057,8cbbde7dd4ca9d830f397fd03db957e16986f6671c00d03071225a930586f181,missing,,,fully_transparent_placeholder,assets/img/bg/1080/aegleseeker_clear.png,no_current_official_match,,0,
assets/img/bg/1080/observer_light.jpg,img/bg/1080/observer_light.jpg,372932,e639103922c29b25905399f887318ef079d06c0ca95d8cf0f9cf73f84e39402d,different,379673,067516b22f14d4df17ad7135f4ac22046227a73200b9711eca175b571eb909c6,exact_current_official_content,assets/img/bg/1080/aegleseeker.jpg,unique_official_source,assets/img/bg/1080/observer_conflict.jpg,1,assets/img/bg/1080/observer_conflict.jpg
assets/img/bg/1080/observer_light_clear.png,img/bg/1080/observer_light_clear.png,3057,8cbbde7dd4ca9d830f397fd03db957e16986f6671c00d03071225a930586f181,different,859434,2ec6bbe98fba0d864ef4118ea0fe9155c272a5c67f517fadf70dd1ebb27321be,fully_transparent_placeholder,assets/img/bg/1080/aegleseeker_clear.png,no_current_official_match,,0,
assets/img/bg/1080/observer_light_diamond.png,img/bg/1080/observer_light_diamond.png,3057,8cbbde7dd4ca9d830f397fd03db957e16986f6671c00d03071225a930586f181,missing,,,fully_transparent_placeholder,assets/img/bg/1080/aegleseeker_clear.png,no_current_official_match,,0,
assets/img/bg/1080/omatsuri_conflict.jpg,img/bg/1080/omatsuri_conflict.jpg,372932,e639103922c29b25905399f887318ef079d06c0ca95d8cf0f9cf73f84e39402d,different,815309,c07e17f5a20c63dc6592f32928caa04fc6eeef7146a5317b37cdbe4e400141e6,exact_current_official_content,assets/img/bg/1080/aegleseeker.jpg,unique_official_source,assets/img/bg/1080/observer_conflict.jpg,1,assets/img/bg/1080/observer_conflict.jpg
assets/img/bg/1080/omatsuri_light.jpg,img/bg/1080/omatsuri_light.jpg,372932,e639103922c29b25905399f887318ef079d06c0ca95d8cf0f9cf73f84e39402d,different,752989,43822efe09513601b2ae21e0090a166adbf310dbcf96aa395ec4725d4b16ce87,exact_current_official_content,assets/img/bg/1080/aegleseeker.jpg,unique_official_source,assets/img/bg/1080/observer_conflict.jpg,1,assets/img/bg/1080/observer_conflict.jpg
assets/img/bg/1080/omatsuri_light_clear.png,img/bg/1080/omatsuri_light_clear.png,3057,8cbbde7dd4ca9d830f397fd03db957e16986f6671c00d03071225a930586f181,different,673373,fd56820bbd5245f908a50c7a3af6552077c5aa943b31387307da4f42e9586326,fully_transparent_placeholder,assets/img/bg/1080/aegleseeker_clear.png,no_current_official_match,,0,
assets/img/bg/1080/omatsuri_overlay_light.png,img/bg/1080/omatsuri_overlay_light.png,70,c2153f77e11087fcb078ae38527fa83bef29791e3700e30cc87fec4405a66d0f,missing,,,fully_transparent_placeholder,assets/img/bg/1080/aegleseeker_diamond.png,no_current_official_match,,0,
assets/img/bg/1080/omegafour.jpg,img/bg/1080/omegafour.jpg,372932,e639103922c29b25905399f887318ef079d06c0ca95d8cf0f9cf73f84e39402d,different,348775,b695dc407991f88a84a5c049a2ffba6a094fba6233f17d0b0c6b762120789bb0,exact_current_official_content,assets/img/bg/1080/aegleseeker.jpg,unique_official_source,assets/img/bg/1080/observer_conflict.jpg,1,assets/img/bg/1080/observer_conflict.jpg
assets/img/bg/1080/omegafour_clear.png,img/bg/1080/omegafour_clear.png,5439,2676bdfc5082616e50b62b64e55c1b74c8d5c0d01013d7365110db30c6ab7068,different,2027993,f2f57e78bf7a219c609bc31bbc81b8cd87b1f0975939f35213f809b8e6adf70b,fully_transparent_placeholder,assets/img/bg/1080/alterego_clear.png,no_current_official_match,,0,
assets/img/bg/1080/omegafour_diamond.png,img/bg/1080/omegafour_diamond.png,5439,2676bdfc5082616e50b62b64e55c1b74c8d5c0d01013d7365110db30c6ab7068,missing,,,fully_transparent_placeholder,assets/img/bg/1080/alterego_clear.png,no_current_official_match,,0,
assets/img/bg/1080/ongeki_conflict.jpg,img/bg/1080/ongeki_conflict.jpg,372932,e639103922c29b25905399f887318ef079d06c0ca95d8cf0f9cf73f84e39402d,different,286153,9450249ff5204debf2f6552af980ffa6f01c33b3c762bda0bd602922c0498674,exact_current_official_content,assets/img/bg/1080/aegleseeker.jpg,unique_official_source,assets/img/bg/1080/observer_conflict.jpg,1,assets/img/bg/1080/observer_conflict.jpg
assets/img/bg/1080/ongeki_light.jpg,img/bg/1080/ongeki_light.jpg,372932,e639103922c29b25905399f887318ef079d06c0ca95d8cf0f9cf73f84e39402d,different,398901,9a97021a6e607fbcc4da6453b631b391b125a2693af8a3f48315ba8ad11c9362,exact_current_official_content,assets/img/bg/1080/aegleseeker.jpg,unique_official_source,assets/img/bg/1080/observer_conflict.jpg,1,assets/img/bg/1080/observer_conflict.jpg
assets/img/bg/1080/ongeki_light_clear.png,img/bg/1080/ongeki_light_clear.png,5439,2676bdfc5082616e50b62b64e55c1b74c8d5c0d01013d7365110db30c6ab7068,different,1999668,d1f302313f239e845f5a3c399e843578c23da23658883b569c9a517dc87492df,fully_transparent_placeholder,assets/img/bg/1080/alterego_clear.png,no_current_official_match,,0,
assets/img/bg/1080/ongeki_light_diamond.png,img/bg/1080/ongeki_light_diamond.png,5439,2676bdfc5082616e50b62b64e55c1b74c8d5c0d01013d7365110db30c6ab7068,missing,,,fully_transparent_placeholder,assets/img/bg/1080/alterego_clear.png,no_current_official_match,,0,
assets/img/bg/1080/pentiment.jpg,img/bg/1080/pentiment.jpg,372932,e639103922c29b25905399f887318ef079d06c0ca95d8cf0f9cf73f84e39402d,different,221659,d5884a0530f20182f7a2e4fd48560818130ae171670e89771241426462ba2cdf,exact_current_official_content,assets/img/bg/1080/aegleseeker.jpg,unique_official_source,assets/img/bg/1080/observer_conflict.jpg,1,assets/img/bg/1080/observer_conflict.jpg
assets/img/bg/1080/pentiment_clear.png,img/bg/1080/pentiment_clear.png,3057,8cbbde7dd4ca9d830f397fd03db957e16986f6671c00d03071225a930586f181,different,1434725,da3711b0bba0763acb411cf6d1d733913f3e48cced4934832a9d1b3532ccab3d,fully_transparent_placeholder,assets/img/bg/1080/aegleseeker_clear.png,no_current_official_match,,0,
assets/img/bg/1080/pentiment_diamond.png,img/bg/1080/pentiment_diamond.png,3057,8cbbde7dd4ca9d830f397fd03db957e16986f6671c00d03071225a930586f181,missing,,,fully_transparent_placeholder,assets/img/bg/1080/aegleseeker_clear.png,no_current_official_match,,0,
assets/img/bg/1080/pragmatism.jpg,img/bg/1080/pragmatism.jpg,372932,e639103922c29b25905399f887318ef079d06c0ca95d8cf0f9cf73f84e39402d,different,393293,c890062ddc30e1def8d4c3ef3223f8f7ed1981dc97c20613fe10c9544e816d93,exact_current_official_content,assets/img/bg/1080/aegleseeker.jpg,unique_official_source,assets/img/bg/1080/observer_conflict.jpg,1,assets/img/bg/1080/observer_conflict.jpg
assets/img/bg/1080/pragmatism3.jpg,img/bg/1080/pragmatism3.jpg,372932,e639103922c29b25905399f887318ef079d06c0ca95d8cf0f9cf73f84e39402d,different,538180,6d9511b8c3e9ef68b1ec69942b30b20e2ca16bdda7134ca91a92046bd533f1f8,exact_current_official_content,assets/img/bg/1080/aegleseeker.jpg,unique_official_source,assets/img/bg/1080/observer_conflict.jpg,1,assets/img/bg/1080/observer_conflict.jpg
assets/img/bg/1080/pragmatism3_clear.png,img/bg/1080/pragmatism3_clear.png,2611,87d1931f56dabcddbf82d7b762ff41ba07895e25d6d7d96734816e1ab91bdb79,different,404966,0147bbc9911fa5eee39091dca3c0cd19a7b67082c4cb31861817a7fdaf6f5ccc,fully_transparent_placeholder,assets/img/bg/1080/diamond_pragmatism3.png,no_current_official_match,,0,
assets/img/bg/1080/prelude_conflict.jpg,img/bg/1080/prelude_conflict.jpg,372932,e639103922c29b25905399f887318ef079d06c0ca95d8cf0f9cf73f84e39402d,different,549089,4ebe5632356783fd151fae2e66b2a8545ee3def48cb2610234f4c390098852a9,exact_current_official_content,assets/img/bg/1080/aegleseeker.jpg,unique_official_source,assets/img/bg/1080/observer_conflict.jpg,1,assets/img/bg/1080/observer_conflict.jpg
assets/img/bg/1080/prelude_conflict_clear.png,img/bg/1080/prelude_conflict_clear.png,5439,2676bdfc5082616e50b62b64e55c1b74c8d5c0d01013d7365110db30c6ab7068,different,401675,5ab1138e3553ac35281d128df3551a9852c7f9202f9ebf40733f884ab4aaedb0,fully_transparent_placeholder,assets/img/bg/1080/alterego_clear.png,no_current_official_match,,0,
assets/img/bg/1080/prelude_light.jpg,img/bg/1080/prelude_light.jpg,372932,e639103922c29b25905399f887318ef079d06c0ca95d8cf0f9cf73f84e39402d,different,527793,afbef1f7354c34b5b30a2f985f6c9a4887d37e2089f945d573b622a3735f6dfb,exact_current_official_content,assets/img/bg/1080/aegleseeker.jpg,unique_official_source,assets/img/bg/1080/observer_conflict.jpg,1,assets/img/bg/1080/observer_conflict.jpg
assets/img/bg/1080/prelude_light_clear.png,img/bg/1080/prelude_light_clear.png,2463,e67bd9abe556df10ab2abaad9f1ac7748f11abc98d6460cd6406124c21139417,different,303973,c096066fa1e0b43e7a5a0c8dab557330875bdde770b86378f183791024b89961,fully_transparent_placeholder,assets/img/bg/1080/prelude_light_clear.png,no_current_official_match,,0,
assets/img/bg/1080/prelude_overlay_conflict.png,img/bg/1080/prelude_overlay_conflict.png,5439,2676bdfc5082616e50b62b64e55c1b74c8d5c0d01013d7365110db30c6ab7068,missing,,,fully_transparent_placeholder,assets/img/bg/1080/alterego_clear.png,no_current_official_match,,0,
assets/img/bg/1080/prelude_overlay_light.png,img/bg/1080/prelude_overlay_light.png,5439,2676bdfc5082616e50b62b64e55c1b74c8d5c0d01013d7365110db30c6ab7068,missing,,,fully_transparent_placeholder,assets/img/bg/1080/alterego_clear.png,no_current_official_match,,0,
assets/img/bg/1080/quon.jpg,img/bg/1080/quon.jpg,372932,e639103922c29b25905399f887318ef079d06c0ca95d8cf0f9cf73f84e39402d,different,443920,265a465513455e32cedd95520ef233e7b22214e120406ceca22f75246ca1c603,exact_current_official_content,assets/img/bg/1080/aegleseeker.jpg,unique_official_source,assets/img/bg/1080/observer_conflict.jpg,1,assets/img/bg/1080/observer_conflict.jpg
assets/img/bg/1080/rei.jpg,img/bg/1080/rei.jpg,372932,e639103922c29b25905399f887318ef079d06c0ca95d8cf0f9cf73f84e39402d,different,652568,1e2be8996fe0a85993550a1a40180f364acefab38c1de91c19a753a77d4ee8a4,exact_current_official_content,assets/img/bg/1080/aegleseeker.jpg,unique_official_source,assets/img/bg/1080/observer_conflict.jpg,1,assets/img/bg/1080/observer_conflict.jpg
assets/img/bg/1080/ringedgenesis.jpg,img/bg/1080/ringedgenesis.jpg,372932,e639103922c29b25905399f887318ef079d06c0ca95d8cf0f9cf73f84e39402d,different,429752,a7da82643fd9de23bf956db55c3c56caadf992b3cd8867e28aa76a59cee06055,exact_current_official_content,assets/img/bg/1080/aegleseeker.jpg,unique_official_source,assets/img/bg/1080/observer_conflict.jpg,1,assets/img/bg/1080/observer_conflict.jpg
assets/img/bg/1080/ringedgenesis_clear.png,img/bg/1080/ringedgenesis_clear.png,3896,cbaf7787ec7df7ea0787eb2a015a75e3c92459f1e87162f0c246b2b8cde4c703,different,262263,8b4ee43485a566c391892a48fb6a7adc4035eaf5b7271577ee43b44c466db5c4,fully_transparent_placeholder,assets/img/bg/1080/diamond_ringedgenesis.png,no_current_official_match,,0,
assets/img/bg/1080/rotaeno_conflict.jpg,img/bg/1080/rotaeno_conflict.jpg,372932,e639103922c29b25905399f887318ef079d06c0ca95d8cf0f9cf73f84e39402d,different,289784,a5e7b307df46233abca21cca4bd62f75ee086a83c2aed56ca295c585d60ff2f9,exact_current_official_content,assets/img/bg/1080/aegleseeker.jpg,unique_official_source,assets/img/bg/1080/observer_conflict.jpg,1,assets/img/bg/1080/observer_conflict.jpg
assets/img/bg/1080/rotaeno_conflict_clear.png,img/bg/1080/rotaeno_conflict_clear.png,5409,43f7aa9fb6881b29485c1d58c9ada63f3fa2d5d2169a288c32ba4a38f493e0cd,different,1206863,eff5c06e4d131af7543ff432528025eb394300423f83a4057777a41ed6305e25,fully_transparent_placeholder,assets/img/bg/1080/eden_append_conflict_clear.png,no_current_official_match,,0,
assets/img/bg/1080/rotaeno_light.jpg,img/bg/1080/rotaeno_light.jpg,372932,e639103922c29b25905399f887318ef079d06c0ca95d8cf0f9cf73f84e39402d,different,332581,4f91d55da77e43e59f10b823ecafc9f59bacae042cd5d85c57be371b7f414c58,exact_current_official_content,assets/img/bg/1080/aegleseeker.jpg,unique_official_source,assets/img/bg/1080/observer_conflict.jpg,1,assets/img/bg/1080/observer_conflict.jpg
assets/img/bg/1080/rotaeno_light_clear.png,img/bg/1080/rotaeno_light_clear.png,5409,43f7aa9fb6881b29485c1d58c9ada63f3fa2d5d2169a288c32ba4a38f493e0cd,different,1034688,ce05950e2ff2df5bed239bfc076069ac9cd71ea8bf8751c107ae067b74a25532,fully_transparent_placeholder,assets/img/bg/1080/eden_append_conflict_clear.png,no_current_official_match,,0,
assets/img/bg/1080/saikyostronger.jpg,img/bg/1080/saikyostronger.jpg,372932,e639103922c29b25905399f887318ef079d06c0ca95d8cf0f9cf73f84e39402d,different,490479,15ed3f9c761afa6dd150eae991703096a316af3e8947dbeae31d452aa23905d7,exact_current_official_content,assets/img/bg/1080/aegleseeker.jpg,unique_official_source,assets/img/bg/1080/observer_conflict.jpg,1,assets/img/bg/1080/observer_conflict.jpg
assets/img/bg/1080/saikyostronger_clear.png,img/bg/1080/saikyostronger_clear.png,4099,50c5b75686b2117317ce29f27fc21db566a4b627137b05132cfa23e57748f150,different,293062,e5a92218455c04fed7b812ba04fcd5eb648257655655cd213edd80037b64955f,fully_transparent_placeholder,assets/img/bg/1080/mirai_awakened_clear.png,no_current_official_match,,0,
assets/img/bg/1080/saikyostronger_overlay.png,img/bg/1080/saikyostronger_overlay.png,70,c2153f77e11087fcb078ae38527fa83bef29791e3700e30cc87fec4405a66d0f,missing,,,fully_transparent_placeholder,assets/img/bg/1080/aegleseeker_diamond.png,no_current_official_match,,0,
assets/img/bg/1080/sheriruth.jpg,img/bg/1080/sheriruth.jpg,372932,e639103922c29b25905399f887318ef079d06c0ca95d8cf0f9cf73f84e39402d,different,460003,2b05882659ea0d522dd02e29cbcfb4bd3a09b20c17f68f9c5c807b6beb58bc51,exact_current_official_content,assets/img/bg/1080/aegleseeker.jpg,unique_official_source,assets/img/bg/1080/observer_conflict.jpg,1,assets/img/bg/1080/observer_conflict.jpg
assets/img/bg/1080/shiawase.jpg,img/bg/1080/shiawase.jpg,372932,e639103922c29b25905399f887318ef079d06c0ca95d8cf0f9cf73f84e39402d,different,347380,f24277126d40752ac96840b39b05ce15b7bda8d7a284826b6e49fb86e6ff7bfb,exact_current_official_content,assets/img/bg/1080/aegleseeker.jpg,unique_official_source,assets/img/bg/1080/observer_conflict.jpg,1,assets/img/bg/1080/observer_conflict.jpg
assets/img/bg/1080/shiawase_clear.png,img/bg/1080/shiawase_clear.png,70,c2153f77e11087fcb078ae38527fa83bef29791e3700e30cc87fec4405a66d0f,different,1034921,1e1aaf479dfdc22baae0e18037dc3899dfe3a173f12ab2ae49d1c58e0ca9dff7,fully_transparent_placeholder,assets/img/bg/1080/aegleseeker_diamond.png,no_current_official_match,,0,
assets/img/bg/1080/shiawase2.jpg,img/bg/1080/shiawase2.jpg,372932,e639103922c29b25905399f887318ef079d06c0ca95d8cf0f9cf73f84e39402d,different,251701,97fb48479c017af8bb49611d7545f738f30b8ac6e757c1e72b0aa1a72fab85d3,exact_current_official_content,assets/img/bg/1080/aegleseeker.jpg,unique_official_source,assets/img/bg/1080/observer_conflict.jpg,1,assets/img/bg/1080/observer_conflict.jpg
assets/img/bg/1080/single_conflict.jpg,img/bg/1080/single_conflict.jpg,372932,e639103922c29b25905399f887318ef079d06c0ca95d8cf0f9cf73f84e39402d,different,165297,4d7dbfec69570fb76b44cac506f085560b627e287eb6bf57a41eec1397341800,exact_current_official_content,assets/img/bg/1080/aegleseeker.jpg,unique_official_source,assets/img/bg/1080/observer_conflict.jpg,1,assets/img/bg/1080/observer_conflict.jpg
assets/img/bg/1080/single_light.jpg,img/bg/1080/single_light.jpg,372932,e639103922c29b25905399f887318ef079d06c0ca95d8cf0f9cf73f84e39402d,different,181530,d02754549df33e1c0263039fb3109d906f114b3b76416c8368abf18f280a8593,exact_current_official_content,assets/img/bg/1080/aegleseeker.jpg,unique_official_source,assets/img/bg/1080/observer_conflict.jpg,1,assets/img/bg/1080/observer_conflict.jpg
assets/img/bg/1080/single2_conflict.jpg,img/bg/1080/single2_conflict.jpg,372932,e639103922c29b25905399f887318ef079d06c0ca95d8cf0f9cf73f84e39402d,different,700300,0abf1c30830712c3c24ff885c7193d934ecf2b5831a6d164913e2363b76b6562,exact_current_official_content,assets/img/bg/1080/aegleseeker.jpg,unique_official_source,assets/img/bg/1080/observer_conflict.jpg,1,assets/img/bg/1080/observer_conflict.jpg
assets/img/bg/1080/single2_conflict_clear.png,img/bg/1080/single2_conflict_clear.png,5439,2676bdfc5082616e50b62b64e55c1b74c8d5c0d01013d7365110db30c6ab7068,different,1902216,99f1ab24aa0bff2b82d787fd5113bc892652bfeb76bb6dee2199e0a916e56717,fully_transparent_placeholder,assets/img/bg/1080/alterego_clear.png,no_current_official_match,,0,
assets/img/bg/1080/single2_conflict_diamond.png,img/bg/1080/single2_conflict_diamond.png,5439,2676bdfc5082616e50b62b64e55c1b74c8d5c0d01013d7365110db30c6ab7068,missing,,,fully_transparent_placeholder,assets/img/bg/1080/alterego_clear.png,no_current_official_match,,0,
assets/img/bg/1080/single2_light.jpg,img/bg/1080/single2_light.jpg,372932,e639103922c29b25905399f887318ef079d06c0ca95d8cf0f9cf73f84e39402d,different,642378,ea1d9a0e35160bafe9b2408d4eb7521c1859febe9918e4e014af7bab8e1ddee7,exact_current_official_content,assets/img/bg/1080/aegleseeker.jpg,unique_official_source,assets/img/bg/1080/observer_conflict.jpg,1,assets/img/bg/1080/observer_conflict.jpg
assets/img/bg/1080/single2_light_clear.png,img/bg/1080/single2_light_clear.png,5439,2676bdfc5082616e50b62b64e55c1b74c8d5c0d01013d7365110db30c6ab7068,different,1913631,1d81ed637f272d908ae814c7c17462ec83cf9a48244c788f9625c354c758d47b,fully_transparent_placeholder,assets/img/bg/1080/alterego_clear.png,no_current_official_match,,0,
assets/img/bg/1080/single2_light_diamond.png,img/bg/1080/single2_light_diamond.png,5439,2676bdfc5082616e50b62b64e55c1b74c8d5c0d01013d7365110db30c6ab7068,missing,,,fully_transparent_placeholder,assets/img/bg/1080/alterego_clear.png,no_current_official_match,,0,
assets/img/bg/1080/solitarydream.jpg,img/bg/1080/solitarydream.jpg,372932,e639103922c29b25905399f887318ef079d06c0ca95d8cf0f9cf73f84e39402d,different,466604,1f2e364ec6957df711e518fbb89198310c37d1ecdd1ca55bb99e553851a08418,exact_current_official_content,assets/img/bg/1080/aegleseeker.jpg,unique_official_source,assets/img/bg/1080/observer_conflict.jpg,1,assets/img/bg/1080/observer_conflict.jpg
assets/img/bg/1080/spidersthread.jpg,img/bg/1080/spidersthread.jpg,372932,e639103922c29b25905399f887318ef079d06c0ca95d8cf0f9cf73f84e39402d,different,282765,766b977fd3f0345f5e18dcbcc651046b40114502b65d65ed6a26627ec563ddd2,exact_current_official_content,assets/img/bg/1080/aegleseeker.jpg,unique_official_source,assets/img/bg/1080/observer_conflict.jpg,1,assets/img/bg/1080/observer_conflict.jpg
assets/img/bg/1080/spidersthread_clear.png,img/bg/1080/spidersthread_clear.png,5439,2676bdfc5082616e50b62b64e55c1b74c8d5c0d01013d7365110db30c6ab7068,different,3439770,6ce0172ab77ec0cf9ea7047a17fd90d8ee219580d12875fa1bd224d10b43a6f2,fully_transparent_placeholder,assets/img/bg/1080/alterego_clear.png,no_current_official_match,,0,
assets/img/bg/1080/tanoc_conflict.jpg,img/bg/1080/tanoc_conflict.jpg,372932,e639103922c29b25905399f887318ef079d06c0ca95d8cf0f9cf73f84e39402d,different,703413,0da557704edb0b98713fc7d7559fe11c43213c54a6c215461d307f3aba58c35e,exact_current_official_content,assets/img/bg/1080/aegleseeker.jpg,unique_official_source,assets/img/bg/1080/observer_conflict.jpg,1,assets/img/bg/1080/observer_conflict.jpg
assets/img/bg/1080/tanoc_conflict_clear.png,img/bg/1080/tanoc_conflict_clear.png,4099,50c5b75686b2117317ce29f27fc21db566a4b627137b05132cfa23e57748f150,different,856081,00ed193c2e3fc2af05e0e512afaa28044c82685c545ec52d53af4698972bd2e9,fully_transparent_placeholder,assets/img/bg/1080/mirai_awakened_clear.png,no_current_official_match,,0,
assets/img/bg/1080/tanoc_light.jpg,img/bg/1080/tanoc_light.jpg,372932,e639103922c29b25905399f887318ef079d06c0ca95d8cf0f9cf73f84e39402d,different,387389,b45349e2394d5fb19a3882f958facf8faa2f2111cb27c4437dafefb383a6155c,exact_current_official_content,assets/img/bg/1080/aegleseeker.jpg,unique_official_source,assets/img/bg/1080/observer_conflict.jpg,1,assets/img/bg/1080/observer_conflict.jpg
assets/img/bg/1080/tanoc_light_clear.png,img/bg/1080/tanoc_light_clear.png,4099,50c5b75686b2117317ce29f27fc21db566a4b627137b05132cfa23e57748f150,different,772049,35f84b4fe958ac790b60da34b583d68f3c6c425740ef4c6c88bde77710d0d2dd,fully_transparent_placeholder,assets/img/bg/1080/mirai_awakened_clear.png,no_current_official_match,,0,
assets/img/bg/1080/tanoc_overlay_conflict.png,img/bg/1080/tanoc_overlay_conflict.png,4099,50c5b75686b2117317ce29f27fc21db566a4b627137b05132cfa23e57748f150,missing,,,fully_transparent_placeholder,assets/img/bg/1080/mirai_awakened_clear.png,no_current_official_match,,0,
assets/img/bg/1080/tanoc_overlay_light.png,img/bg/1080/tanoc_overlay_light.png,4099,50c5b75686b2117317ce29f27fc21db566a4b627137b05132cfa23e57748f150,missing,,,fully_transparent_placeholder,assets/img/bg/1080/mirai_awakened_clear.png,no_current_official_match,,0,
assets/img/bg/1080/tanoc_overlay_red.png,img/bg/1080/tanoc_overlay_red.png,4099,50c5b75686b2117317ce29f27fc21db566a4b627137b05132cfa23e57748f150,missing,,,fully_transparent_placeholder,assets/img/bg/1080/mirai_awakened_clear.png,no_current_official_match,,0,
assets/img/bg/1080/tanoc_red.jpg,img/bg/1080/tanoc_red.jpg,372932,e639103922c29b25905399f887318ef079d06c0ca95d8cf0f9cf73f84e39402d,different,392418,604290cd3bf2c21e4ca9e83c128ee2609e6efa6c9698ffdcb202ae399d57aac5,exact_current_official_content,assets/img/bg/1080/aegleseeker.jpg,unique_official_source,assets/img/bg/1080/observer_conflict.jpg,1,assets/img/bg/1080/observer_conflict.jpg
assets/img/bg/1080/tanoc_red_clear.png,img/bg/1080/tanoc_red_clear.png,4099,50c5b75686b2117317ce29f27fc21db566a4b627137b05132cfa23e57748f150,different,976542,dbdcf6015793a9007ee1e0db8408498e63105c90447d4648eb2926bbaa5a6a96,fully_transparent_placeholder,assets/img/bg/1080/mirai_awakened_clear.png,no_current_official_match,,0,
assets/img/bg/1080/tempestissimo.jpg,img/bg/1080/tempestissimo.jpg,372932,e639103922c29b25905399f887318ef079d06c0ca95d8cf0f9cf73f84e39402d,different,531829,5270ccecf889e8a81d5396dd9f53f890b7c85bde60f852d17ed23d601dec0714,exact_current_official_content,assets/img/bg/1080/aegleseeker.jpg,unique_official_source,assets/img/bg/1080/observer_conflict.jpg,1,assets/img/bg/1080/observer_conflict.jpg
assets/img/bg/1080/tempestissimo_clear.png,img/bg/1080/tempestissimo_clear.png,3846,7afdcab9b2f05fabcbc86455cddff32b990852856b1d105f98b40ea3f4617b71,different,1458242,015afb6b9043f5836a7994fc55f4dcfffd8da9bdfa190fae028e4e5895ce46e8,fully_transparent_placeholder,assets/img/bg/1080/tempestissimo_clear.png,no_current_official_match,,0,
assets/img/bg/1080/tempestissimo_diamond.png,img/bg/1080/tempestissimo_diamond.png,3846,7afdcab9b2f05fabcbc86455cddff32b990852856b1d105f98b40ea3f4617b71,missing,,,fully_transparent_placeholder,assets/img/bg/1080/tempestissimo_clear.png,no_current_official_match,,0,
assets/img/bg/1080/tempestissimo_red.jpg,img/bg/1080/tempestissimo_red.jpg,372932,e639103922c29b25905399f887318ef079d06c0ca95d8cf0f9cf73f84e39402d,different,474734,986e4f419fa897a789bc34ea8dd1593cfe9eec9700dd1e0231d33d00e30180c2,exact_current_official_content,assets/img/bg/1080/aegleseeker.jpg,unique_official_source,assets/img/bg/1080/observer_conflict.jpg,1,assets/img/bg/1080/observer_conflict.jpg
assets/img/bg/1080/temptation.jpg,img/bg/1080/temptation.jpg,372932,e639103922c29b25905399f887318ef079d06c0ca95d8cf0f9cf73f84e39402d,different,320079,72ba56266fa4b6cbd3eff52e58bce0c9e2858e94146c50ce0c766f65277359f4,exact_current_official_content,assets/img/bg/1080/aegleseeker.jpg,unique_official_source,assets/img/bg/1080/observer_conflict.jpg,1,assets/img/bg/1080/observer_conflict.jpg
assets/img/bg/1080/temptation_clear.png,img/bg/1080/temptation_clear.png,5439,2676bdfc5082616e50b62b64e55c1b74c8d5c0d01013d7365110db30c6ab7068,different,1592836,ff56011379938c21f61b5b6d35c751f5365f04e4128037ced45217aa9ed1023e,fully_transparent_placeholder,assets/img/bg/1080/alterego_clear.png,no_current_official_match,,0,
assets/img/bg/1080/testify.jpg,img/bg/1080/testify.jpg,372932,e639103922c29b25905399f887318ef079d06c0ca95d8cf0f9cf73f84e39402d,different,520476,16a0049595383a34bbec09358c376d163b0d05251a2da65861657eb4bd8c2c21,exact_current_official_content,assets/img/bg/1080/aegleseeker.jpg,unique_official_source,assets/img/bg/1080/observer_conflict.jpg,1,assets/img/bg/1080/observer_conflict.jpg
assets/img/bg/1080/testify_clear.png,img/bg/1080/testify_clear.png,5439,2676bdfc5082616e50b62b64e55c1b74c8d5c0d01013d7365110db30c6ab7068,different,2677959,c2990da755731fb75b70782a381ed0e8c90312af793d25bfe1551510a614c581,fully_transparent_placeholder,assets/img/bg/1080/alterego_clear.png,no_current_official_match,,0,
assets/img/bg/1080/testify_diamond.png,img/bg/1080/testify_diamond.png,5439,2676bdfc5082616e50b62b64e55c1b74c8d5c0d01013d7365110db30c6ab7068,missing,,,fully_transparent_placeholder,assets/img/bg/1080/alterego_clear.png,no_current_official_match,,0,
assets/img/bg/1080/tiferet.jpg,img/bg/1080/tiferet.jpg,372932,e639103922c29b25905399f887318ef079d06c0ca95d8cf0f9cf73f84e39402d,different,411544,d966daa8d91b360df7df1a9fb8283313c3b06417bfa440e566578fbce577d94a,exact_current_official_content,assets/img/bg/1080/aegleseeker.jpg,unique_official_source,assets/img/bg/1080/observer_conflict.jpg,1,assets/img/bg/1080/observer_conflict.jpg
assets/img/bg/1080/tonesphere-darksphere.jpg,img/bg/1080/tonesphere-darksphere.jpg,372932,e639103922c29b25905399f887318ef079d06c0ca95d8cf0f9cf73f84e39402d,different,385954,b973cbaafa96d8c0dcdca257a06270ca550e6d18db8fc883cda724692631dbc4,exact_current_official_content,assets/img/bg/1080/aegleseeker.jpg,unique_official_source,assets/img/bg/1080/observer_conflict.jpg,1,assets/img/bg/1080/observer_conflict.jpg
assets/img/bg/1080/tonesphere-solarsphere.jpg,img/bg/1080/tonesphere-solarsphere.jpg,372932,e639103922c29b25905399f887318ef079d06c0ca95d8cf0f9cf73f84e39402d,different,357860,d4bcae2b4b16fc1dfbe5c2d760de8fd0ec1bed025cad5262aff19badc2883a90,exact_current_official_content,assets/img/bg/1080/aegleseeker.jpg,unique_official_source,assets/img/bg/1080/observer_conflict.jpg,1,assets/img/bg/1080/observer_conflict.jpg
assets/img/bg/1080/touhou_conflict.jpg,img/bg/1080/touhou_conflict.jpg,372932,e639103922c29b25905399f887318ef079d06c0ca95d8cf0f9cf73f84e39402d,different,326673,0dc4167cf78956366b4c09e4406894ec22541abdc8168c66fe8fbcf18d211f8d,exact_current_official_content,assets/img/bg/1080/aegleseeker.jpg,unique_official_source,assets/img/bg/1080/observer_conflict.jpg,1,assets/img/bg/1080/observer_conflict.jpg
assets/img/bg/1080/touhou_conflict_clear.png,img/bg/1080/touhou_conflict_clear.png,5439,2676bdfc5082616e50b62b64e55c1b74c8d5c0d01013d7365110db30c6ab7068,different,1501855,1fa565431cc82ee5a9b6a5b36d908633e5bcde37fecd4cf40ad713555aae342e,fully_transparent_placeholder,assets/img/bg/1080/alterego_clear.png,no_current_official_match,,0,
assets/img/bg/1080/touhou_light.jpg,img/bg/1080/touhou_light.jpg,372932,e639103922c29b25905399f887318ef079d06c0ca95d8cf0f9cf73f84e39402d,different,364816,385bf79b3d1908e554f85bb5651b255d8e4831f2c88e2b7b880003c105ec64d2,exact_current_official_content,assets/img/bg/1080/aegleseeker.jpg,unique_official_source,assets/img/bg/1080/observer_conflict.jpg,1,assets/img/bg/1080/observer_conflict.jpg
assets/img/bg/1080/touhou_light_clear.png,img/bg/1080/touhou_light_clear.png,5439,2676bdfc5082616e50b62b64e55c1b74c8d5c0d01013d7365110db30c6ab7068,different,1206790,ae1924bee2d8b13c28391ffd4b3eff43354e5773a9728cc1250d161bfd9c0b4e,fully_transparent_placeholder,assets/img/bg/1080/alterego_clear.png,no_current_official_match,,0,
assets/img/bg/1080/undertale_conflict.jpg,img/bg/1080/undertale_conflict.jpg,372932,e639103922c29b25905399f887318ef079d06c0ca95d8cf0f9cf73f84e39402d,different,275301,689a253b8fc9f33ea4da3e073fd82fff54c4efdd7dd2c1be7ea1ef7f611d4414,exact_current_official_content,assets/img/bg/1080/aegleseeker.jpg,unique_official_source,assets/img/bg/1080/observer_conflict.jpg,1,assets/img/bg/1080/observer_conflict.jpg
assets/img/bg/1080/undertale_conflict_clear.png,img/bg/1080/undertale_conflict_clear.png,5298,e69cf76f04195a1b138471fc4f44a769249eb7860c2837cf0e57eb95652a4c84,different,761140,3a25cc11d4b3089182635551135a5cebb3a8d064826481d825b7fbb27c865749,fully_transparent_placeholder,assets/img/bg/1080/nihil_clear.png,no_current_official_match,,0,
assets/img/bg/1080/undertale_light.jpg,img/bg/1080/undertale_light.jpg,372932,e639103922c29b25905399f887318ef079d06c0ca95d8cf0f9cf73f84e39402d,different,249211,e7863358dd7aa6728fd601f5483409280c99ee23e71523d7eb262e4c22ac9fb5,exact_current_official_content,assets/img/bg/1080/aegleseeker.jpg,unique_official_source,assets/img/bg/1080/observer_conflict.jpg,1,assets/img/bg/1080/observer_conflict.jpg
assets/img/bg/1080/undertale_light_clear.png,img/bg/1080/undertale_light_clear.png,5298,e69cf76f04195a1b138471fc4f44a769249eb7860c2837cf0e57eb95652a4c84,different,773445,343f88cafaeaa2ef7e4c08c41fa70572d7455626955ccabf74e14e408e987671,fully_transparent_placeholder,assets/img/bg/1080/nihil_clear.png,no_current_official_match,,0,
assets/img/bg/1080/viciousheroism3.jpg,img/bg/1080/viciousheroism3.jpg,372932,e639103922c29b25905399f887318ef079d06c0ca95d8cf0f9cf73f84e39402d,different,905529,ffedd92dad0702178e6c869be42139193465ba21f1e00f2beb051b7752e5d80f,exact_current_official_content,assets/img/bg/1080/aegleseeker.jpg,unique_official_source,assets/img/bg/1080/observer_conflict.jpg,1,assets/img/bg/1080/observer_conflict.jpg
assets/img/bg/1080/virtus.jpg,img/bg/1080/virtus.jpg,372932,e639103922c29b25905399f887318ef079d06c0ca95d8cf0f9cf73f84e39402d,different,499582,e563b130da7a27f2af17882cc10c56b067dc142e87e8fb0d49a737bf8d9042cc,exact_current_official_content,assets/img/bg/1080/aegleseeker.jpg,unique_official_source,assets/img/bg/1080/observer_conflict.jpg,1,assets/img/bg/1080/observer_conflict.jpg
assets/img/bg/1080/virtus_clear.png,img/bg/1080/virtus_clear.png,70,c2153f77e11087fcb078ae38527fa83bef29791e3700e30cc87fec4405a66d0f,different,1395166,06973c29aacde3b9a41d08531386739c0f69c864389d48df75f18070b87d3036,fully_transparent_placeholder,assets/img/bg/1080/aegleseeker_diamond.png,no_current_official_match,,0,
assets/img/bg/1080/vs_conflict.jpg,img/bg/1080/vs_conflict.jpg,372932,e639103922c29b25905399f887318ef079d06c0ca95d8cf0f9cf73f84e39402d,different,333128,d93688277771c70b1bd762c965e69a24b84912dee7dd27837b4c18a7d0a09f4c,exact_current_official_content,assets/img/bg/1080/aegleseeker.jpg,unique_official_source,assets/img/bg/1080/observer_conflict.jpg,1,assets/img/bg/1080/observer_conflict.jpg
assets/img/bg/1080/vs_conflict_clear.png,img/bg/1080/vs_conflict_clear.png,5416,33b82dc43eed923df9b5eebf3663a33fe18873bfe8ac43bf40d491994531bd13,different,1325815,5d1d6b0e30c30f11678ff79ab15a3972200a2caa7d60d8626b83842bf944ed80,fully_transparent_placeholder,assets/img/bg/1080/altergate_clear.png,no_current_official_match,,0,
assets/img/bg/1080/vs_light.jpg,img/bg/1080/vs_light.jpg,372932,e639103922c29b25905399f887318ef079d06c0ca95d8cf0f9cf73f84e39402d,different,390260,15296acb5d6b6e7d9ccb5edfa70362365a5cf02c6da28e0871c7f02e43c6e2bd,exact_current_official_content,assets/img/bg/1080/aegleseeker.jpg,unique_official_source,assets/img/bg/1080/observer_conflict.jpg,1,assets/img/bg/1080/observer_conflict.jpg
assets/img/bg/1080/vs_light_clear.png,img/bg/1080/vs_light_clear.png,5439,2676bdfc5082616e50b62b64e55c1b74c8d5c0d01013d7365110db30c6ab7068,different,853084,fce05fbbd104842fd2b29ee2f8b32a80d975da3408b6cabd4b938ff7e2cf4471,fully_transparent_placeholder,assets/img/bg/1080/alterego_clear.png,no_current_official_match,,0,
assets/img/bg/1080/vulcanus.jpg,img/bg/1080/vulcanus.jpg,372932,e639103922c29b25905399f887318ef079d06c0ca95d8cf0f9cf73f84e39402d,different,298060,c9c941eba138de7ad9a677bdc87cdb3a611a415bb3b1c99db6009e94d7cb4bdf,exact_current_official_content,assets/img/bg/1080/aegleseeker.jpg,unique_official_source,assets/img/bg/1080/observer_conflict.jpg,1,assets/img/bg/1080/observer_conflict.jpg
assets/img/bg/1080/vulcanus_clear.png,img/bg/1080/vulcanus_clear.png,70,c2153f77e11087fcb078ae38527fa83bef29791e3700e30cc87fec4405a66d0f,different,1335721,1a2242d4797abb24991c377f8bc724c5172326cb878bb6310f5fd00bbd1c7b21,fully_transparent_placeholder,assets/img/bg/1080/aegleseeker_diamond.png,no_current_official_match,,0,
assets/img/bg/1080/wacca_boss.jpg,img/bg/1080/wacca_boss.jpg,372932,e639103922c29b25905399f887318ef079d06c0ca95d8cf0f9cf73f84e39402d,different,431169,10d0efeb4ed7e4cc1b0544cad4eb1aa199de51f6843a89c104995b2dd43792a1,exact_current_official_content,assets/img/bg/1080/aegleseeker.jpg,unique_official_source,assets/img/bg/1080/observer_conflict.jpg,1,assets/img/bg/1080/observer_conflict.jpg
assets/img/bg/1080/wacca_boss_clear.png,img/bg/1080/wacca_boss_clear.png,5439,2676bdfc5082616e50b62b64e55c1b74c8d5c0d01013d7365110db30c6ab7068,different,1536552,dd23efd2dfada9cb26dbe9450ddeffddcc2bd30dda0af419706daf486592da31,fully_transparent_placeholder,assets/img/bg/1080/alterego_clear.png,no_current_official_match,,0,
assets/img/bg/1080/wacca_clear_boss.png,img/bg/1080/wacca_clear_boss.png,5439,2676bdfc5082616e50b62b64e55c1b74c8d5c0d01013d7365110db30c6ab7068,missing,,,fully_transparent_placeholder,assets/img/bg/1080/alterego_clear.png,no_current_official_match,,0,
assets/img/bg/1080/wacca_clear_conflict.png,img/bg/1080/wacca_clear_conflict.png,5439,2676bdfc5082616e50b62b64e55c1b74c8d5c0d01013d7365110db30c6ab7068,missing,,,fully_transparent_placeholder,assets/img/bg/1080/alterego_clear.png,no_current_official_match,,0,
assets/img/bg/1080/wacca_clear_light.png,img/bg/1080/wacca_clear_light.png,5439,2676bdfc5082616e50b62b64e55c1b74c8d5c0d01013d7365110db30c6ab7068,missing,,,fully_transparent_placeholder,assets/img/bg/1080/alterego_clear.png,no_current_official_match,,0,
assets/img/bg/1080/wacca_conflict.jpg,img/bg/1080/wacca_conflict.jpg,372932,e639103922c29b25905399f887318ef079d06c0ca95d8cf0f9cf73f84e39402d,different,349804,75bc0d10d4d982eb0431ca9b45bb3df582cb7fb7320a6f245c85c3fbce529da8,exact_current_official_content,assets/img/bg/1080/aegleseeker.jpg,unique_official_source,assets/img/bg/1080/observer_conflict.jpg,1,assets/img/bg/1080/observer_conflict.jpg
assets/img/bg/1080/wacca_conflict_clear.png,img/bg/1080/wacca_conflict_clear.png,5439,2676bdfc5082616e50b62b64e55c1b74c8d5c0d01013d7365110db30c6ab7068,different,1536552,dd23efd2dfada9cb26dbe9450ddeffddcc2bd30dda0af419706daf486592da31,fully_transparent_placeholder,assets/img/bg/1080/alterego_clear.png,no_current_official_match,,0,
assets/img/bg/1080/wacca_light.jpg,img/bg/1080/wacca_light.jpg,372932,e639103922c29b25905399f887318ef079d06c0ca95d8cf0f9cf73f84e39402d,different,404455,d99ecd298100119497178324deb208fd92b84d7efdee4308cdd4a178798d86f2,exact_current_official_content,assets/img/bg/1080/aegleseeker.jpg,unique_official_source,assets/img/bg/1080/observer_conflict.jpg,1,assets/img/bg/1080/observer_conflict.jpg
assets/img/bg/1080/wacca_light_clear.png,img/bg/1080/wacca_light_clear.png,5439,2676bdfc5082616e50b62b64e55c1b74c8d5c0d01013d7365110db30c6ab7068,different,1536552,dd23efd2dfada9cb26dbe9450ddeffddcc2bd30dda0af419706daf486592da31,fully_transparent_placeholder,assets/img/bg/1080/alterego_clear.png,no_current_official_match,,0,
assets/img/bg/1080/xterfusion.jpg,img/bg/1080/xterfusion.jpg,372932,e639103922c29b25905399f887318ef079d06c0ca95d8cf0f9cf73f84e39402d,different,617437,c13f2cf4b255d355a4d163f5be5728871cf0ea8f948af74a339311a9608d2f16,exact_current_official_content,assets/img/bg/1080/aegleseeker.jpg,unique_official_source,assets/img/bg/1080/observer_conflict.jpg,1,assets/img/bg/1080/observer_conflict.jpg
assets/img/bg/1080/xterfusion_clear.png,img/bg/1080/xterfusion_clear.png,4099,50c5b75686b2117317ce29f27fc21db566a4b627137b05132cfa23e57748f150,different,1002511,1d3981db9d68b695d04ca545ed778da925da5c0eb070704a66c090234b60a2dd,fully_transparent_placeholder,assets/img/bg/1080/mirai_awakened_clear.png,no_current_official_match,,0,
assets/img/bg/1080/yugamu.jpg,img/bg/1080/yugamu.jpg,372932,e639103922c29b25905399f887318ef079d06c0ca95d8cf0f9cf73f84e39402d,different,488757,24cb1ae5045c226bc9fb94904b7c97b417bca392d107771ab6a16b9f8cc742e8,exact_current_official_content,assets/img/bg/1080/aegleseeker.jpg,unique_official_source,assets/img/bg/1080/observer_conflict.jpg,1,assets/img/bg/1080/observer_conflict.jpg
assets/img/bg/1080/zettai.jpg,img/bg/1080/zettai.jpg,372932,e639103922c29b25905399f887318ef079d06c0ca95d8cf0f9cf73f84e39402d,different,365005,2bb0d7b1ff6b74af8a3b06261a235830be5144de60c1cde4fde9026ff8ac3fe6,exact_current_official_content,assets/img/bg/1080/aegleseeker.jpg,unique_official_source,assets/img/bg/1080/observer_conflict.jpg,1,assets/img/bg/1080/observer_conflict.jpg
assets/img/bg/1080/zettai_clear.png,img/bg/1080/zettai_clear.png,5439,2676bdfc5082616e50b62b64e55c1b74c8d5c0d01013d7365110db30c6ab7068,different,861384,6d96141f034ae93ea85608b0312706d38720544ed64edacf391e763ee5f83238,fully_transparent_placeholder,assets/img/bg/1080/alterego_clear.png,no_current_official_match,,0,
assets/img/bg/1080/zettai_light.jpg,img/bg/1080/zettai_light.jpg,372932,e639103922c29b25905399f887318ef079d06c0ca95d8cf0f9cf73f84e39402d,different,372557,0542e97ed7f765774b89cb193f30e00bc881f695ea8b706fbf3204dbd6f0e9eb,exact_current_official_content,assets/img/bg/1080/aegleseeker.jpg,unique_official_source,assets/img/bg/1080/observer_conflict.jpg,1,assets/img/bg/1080/observer_conflict.jpg
assets/img/bg/1080/zettai_light_clear.png,img/bg/1080/zettai_light_clear.png,3057,8cbbde7dd4ca9d830f397fd03db957e16986f6671c00d03071225a930586f181,different,960395,cd737a57841a019e452fa924bcc4c80e846855ca762adb9dd542baf5eaba595d,fully_transparent_placeholder,assets/img/bg/1080/aegleseeker_clear.png,no_current_official_match,,0,
assets/img/bg/1080/zettai_overlay.png,img/bg/1080/zettai_overlay.png,5439,2676bdfc5082616e50b62b64e55c1b74c8d5c0d01013d7365110db30c6ab7068,missing,,,fully_transparent_placeholder,assets/img/bg/1080/alterego_clear.png,no_current_official_match,,0,
assets/img/bg/1080/zettai_overlay_light.png,img/bg/1080/zettai_overlay_light.png,5439,2676bdfc5082616e50b62b64e55c1b74c8d5c0d01013d7365110db30c6ab7068,missing,,,fully_transparent_placeholder,assets/img/bg/1080/alterego_clear.png,no_current_official_match,,0,
assets/img/bg/bg_darken.png,img/bg/bg_darken.png,4144,265149d454822c2c808720c61f5a4317c0bfda56fc96598ea7b19b6ea52c5dd1,different,104935,84d6780c84acb8c9750ae28b62a2e42fe7e112d029cc9c033dd81eb2ab6e636d,fully_transparent_placeholder,assets/img/bg/bg_darken.png,no_current_official_match,,0,
assets/img/bg/diamond.png,img/bg/diamond.png,1343,46e05d3ff8d4d5a83ff468c6638b98c83c647d5790cd9006748d99b1ca35943c,different,149738,95dec88878bc01273db8526fc0713812aceba89fd716e4d29658868cf91385f3,fully_transparent_placeholder,assets/img/bg/diamond.png,no_current_official_match,,0,
assets/img/bg/diamond_shiawase.png,img/bg/diamond_shiawase.png,1432,5c53ce77878a273d0339a0902fca2fc829028a9dc3546e0428db2469495f38ee,different,147797,829f076ce2dd2d9cae34f44a8eea630c8157d1f7cc2e104f275d155f0bc7d646,fully_transparent_placeholder,assets/img/bg/diamond_shiawase.png,no_current_official_match,,0,
assets/img/bg/ongeki_conflict_diamond.png,img/bg/ongeki_conflict_diamond.png,2463,e67bd9abe556df10ab2abaad9f1ac7748f11abc98d6460cd6406124c21139417,different,853199,4d43e53b50e82302287e726bc96b79bdb3dc005b1cccf1ba0ce63d29a3ca60fc,fully_transparent_placeholder,assets/img/bg/1080/prelude_light_clear.png,no_current_official_match,,0,
assets/img/bg/triangle_light.png,img/bg/triangle_light.png,1343,46e05d3ff8d4d5a83ff468c6638b98c83c647d5790cd9006748d99b1ca35943c,different,11946,cc42b028c81bf70ad9c844d6e0d1006fcb69522f64403fbfcebfaac45703c335,fully_transparent_placeholder,assets/img/bg/diamond.png,no_current_official_match,,0,
assets/img/bg/undying_macula_conflict_clear.png,img/bg/undying_macula_conflict_clear.png,5439,2676bdfc5082616e50b62b64e55c1b74c8d5c0d01013d7365110db30c6ab7068,different,1468770,b87cb32dad11354251ed0c9e35ffb791ef905796b419348268d7bedb9def6c97,fully_transparent_placeholder,assets/img/bg/1080/alterego_clear.png,no_current_official_match,,0,
assets/img/bg/undying_macula_diamond.png,img/bg/undying_macula_diamond.png,10811,a02c7824db67169b0782e4197aeaa58724444b1224b69c49e524a3375ac5d689,different,478628,ba56a2e64184c9188d7051970f8d4f6a38c20b9bab79f3b7ad3c227d25dd3c84,fully_transparent_placeholder,assets/img/bg/1080/arcahv-srt.png,no_current_official_match,,0,
assets/img/bg/undying_macula_diamond_dark.png,img/bg/undying_macula_diamond_dark.png,10811,a02c7824db67169b0782e4197aeaa58724444b1224b69c49e524a3375ac5d689,different,475121,ee40fcacc13728abe32afc6f1800eb357ac4d0a154337e7b6e6a5f3978f580b4,fully_transparent_placeholder,assets/img/bg/1080/arcahv-srt.png,no_current_official_match,,0,
assets/img/card_mask.png,img/card_mask.png,3486,a2ea159ebd553ee198f38e31a4527c03b5c4dce9a4169498d313b86294355beb,different,5944,577a61c2a85a3aa4e4a632ebce8310b5b905bf86625e9e340dec6fc4588ffb54,no_current_official_match,assets/img/card_mask.png,no_current_official_match,,0,
assets/img/course/hp-bar.png,img/course/hp-bar.png,47532,d6156e8498394c29951001500d2a9a2b255b447699e720ca79eb7e3356f51708,different,51700,244d6d9164e236f80fee6b3b50a83d846f1855842a7caac283f360ef214db01c,no_current_official_match,assets/img/course/hp-bar.png,no_current_official_match,,0,
assets/img/note.png,img/note.png,9620,fb50c9100b192aa0ef90b883390e5a0b709b504d4b387ad13fd4ddc00787b087,different,12089,6c49e80307222acb481d616092f93e4deab77ed09fa9bc470926177471833aa3,exact_current_official_content,assets/img/note.png,unique_official_source,assets/img/note_dark.png,1,assets/img/note_dark.png
assets/img/note_hold.png,img/note_hold.png,39013,2855027b108bf147722f3761c1d8837162bea0a5db3e87e99cfd5ecef29b34b0,different,43502,172370b6b1b78460181687892ba850301fa7c7ecb1c1651334e785fa8b67353c,exact_current_official_content,assets/img/note_hold.png,unique_official_source,assets/img/note_hold_dark.png,1,assets/img/note_hold_dark.png
assets/img/note_hold_hi.png,img/note_hold_hi.png,38058,5d73c36cfdc311ba5866a878c07d6e3f8e28dc00d4703606383723c675e4c0c4,different,40467,495e0509dfd5386d538ac525f738a3db8f68f4a7340ed37dc3e7a8769eea27b2,exact_current_official_content,assets/img/note_hold_hi.png,unique_official_source,assets/img/note_hold_dark_hi.png,1,assets/img/note_hold_dark_hi.png
assets/img/track.png,img/track.png,6431,8f6bd9afd7971e2b518a830cc09f79f47652f11fb346307ccd8c89f6e6c6db8b,different,6961,1d6648ce5033811b892e292c214edb4f4c86bd9d1c9c3ca34857bcb193032707,exact_current_official_content,assets/img/track.png,unique_official_source,assets/img/track_black.png,1,assets/img/track_black.png
assets/img/track_arcana.png,img/track_arcana.png,6431,8f6bd9afd7971e2b518a830cc09f79f47652f11fb346307ccd8c89f6e6c6db8b,different,7176,5d956b6467bc6d30e3df607278b7f08640afdc159fad6cae916ffb0f49e64b0c,exact_current_official_content,assets/img/track.png,unique_official_source,assets/img/track_black.png,1,assets/img/track_black.png
assets/img/track_colorless.png,img/track_colorless.png,6431,8f6bd9afd7971e2b518a830cc09f79f47652f11fb346307ccd8c89f6e6c6db8b,different,10173,7aaec2e0b815b6ae41c69338c0c5db8be3c03dd02d1d510b3deadc28e30135fc,exact_current_official_content,assets/img/track.png,unique_official_source,assets/img/track_black.png,1,assets/img/track_black.png
assets/img/track_dark.png,img/track_dark.png,6431,8f6bd9afd7971e2b518a830cc09f79f47652f11fb346307ccd8c89f6e6c6db8b,different,6981,d0223e95ee66684c3ca97be15e93f47eb78f4cc15f55cd5c8a7209ccfe49445f,exact_current_official_content,assets/img/track.png,unique_official_source,assets/img/track_black.png,1,assets/img/track_black.png
assets/img/track_dark_nijuusei.png,img/track_dark_nijuusei.png,6431,8f6bd9afd7971e2b518a830cc09f79f47652f11fb346307ccd8c89f6e6c6db8b,different,7614,b98af02f0437672330230894c66e8d72ca5c4a477ba903188535a0cd7fc31568,exact_current_official_content,assets/img/track.png,unique_official_source,assets/img/track_black.png,1,assets/img/track_black.png
assets/img/track_dark_vs.png,img/track_dark_vs.png,6431,8f6bd9afd7971e2b518a830cc09f79f47652f11fb346307ccd8c89f6e6c6db8b,different,7430,ba21d0118bd8d604f12ebe186a9b406119f1a215612ca57e381b644109b7cfe5,exact_current_official_content,assets/img/track.png,unique_official_source,assets/img/track_black.png,1,assets/img/track_black.png
assets/img/track_extralane_dark.png,img/track_extralane_dark.png,6431,8f6bd9afd7971e2b518a830cc09f79f47652f11fb346307ccd8c89f6e6c6db8b,different,248,1038da6d940c82f7b40ce9618cc7a3396176593a15f80e00a3b197a78573bd8a,exact_current_official_content,assets/img/track.png,unique_official_source,assets/img/track_black.png,1,assets/img/track_black.png
assets/img/track_extralane_light.png,img/track_extralane_light.png,6431,8f6bd9afd7971e2b518a830cc09f79f47652f11fb346307ccd8c89f6e6c6db8b,different,172,3d03846d0be4512bdb60d980a3e664d35226efbe184d1ae22ddc1de61b90938a,exact_current_official_content,assets/img/track.png,unique_official_source,assets/img/track_black.png,1,assets/img/track_black.png
assets/img/track_finale.png,img/track_finale.png,6431,8f6bd9afd7971e2b518a830cc09f79f47652f11fb346307ccd8c89f6e6c6db8b,different,6749,0cc85103e1ec5142e2429e62bcc90f3cf93bd3cf406e592c89f713a1ca7b04d4,exact_current_official_content,assets/img/track.png,unique_official_source,assets/img/track_black.png,1,assets/img/track_black.png
assets/img/track_pentiment.png,img/track_pentiment.png,6431,8f6bd9afd7971e2b518a830cc09f79f47652f11fb346307ccd8c89f6e6c6db8b,different,7832,fa0517e27f8e44761b74eb9b2eb4008f6908bdbdb63b544849361391ad8f8032,exact_current_official_content,assets/img/track.png,unique_official_source,assets/img/track_black.png,1,assets/img/track_black.png
assets/img/track_rei.png,img/track_rei.png,6431,8f6bd9afd7971e2b518a830cc09f79f47652f11fb346307ccd8c89f6e6c6db8b,different,5699,7aca9050470de555fdd1476cf6ba4a43c12a4a4c9a7e79a73e5736511ec5998d,exact_current_official_content,assets/img/track.png,unique_official_source,assets/img/track_black.png,1,assets/img/track_black.png
assets/img/track_tempestissimo.png,img/track_tempestissimo.png,6431,8f6bd9afd7971e2b518a830cc09f79f47652f11fb346307ccd8c89f6e6c6db8b,different,6634,56a38b0b1bddfdc289ef8f4958604fcf274b31b580c19421f84e73e92ea16aa6,exact_current_official_content,assets/img/track.png,unique_official_source,assets/img/track_black.png,1,assets/img/track_black.png
assets/models/sfx_d_core.jpg,models/sfx_d_core.jpg,18297,887d266729491e0a7fa454d5e8a5b1e15558ab77b2bd4d7e4c5da4b2c2f14d79,different,22400,bcd70a58c2bea4432c43d6bda1fa6034d2058d583a670fc0ccb166e18e7d6cf5,exact_current_official_content,assets/models/sfx_d_core.jpg,unique_official_source,assets/models/sfx_l_core.jpg,1,assets/models/sfx_l_core.jpg
assets/models/sfx_d_note.jpg,models/sfx_d_note.jpg,9203,d96ab3319144353f9cb87ba97fa8cf70521ea2b458ce54ba58c1adbb7e51cddb,different,8368,23e27e5a214ecff5478a9c3ba75834f6d19b78d0812dbec576f60aa59e0fa207,exact_current_official_content,assets/models/sfx_d_note.jpg,unique_official_source,assets/models/sfx_l_note.jpg,1,assets/models/sfx_l_note.jpg
assets/models/tap_l.png,models/tap_l.png,15339,04bea7233b8b44e387199d5f601670a93614f6d627e9e340c0d156d15fdc2eef,different,14224,de70025b5d6f5b5f22a386cbd3b34a66a2250675f770a4e4e60262866d0bc135,exact_current_official_content,assets/models/tap_l.png,unique_official_source,assets/models/tap_d.png,1,assets/models/tap_d.png
